#
# A fatal error has been detected by the Java Runtime Environment:
#
#  SIGSEGV (0xb) at pc=0x0000000113b6a441, pid=79502, tid=25347
#
# JRE version: OpenJDK Runtime Environment Temurin-17.0.20+8 (17.0.20+8) (build 17.0.20+8)
# Java VM: OpenJDK 64-Bit Server VM Temurin-17.0.20+8 (17.0.20+8, mixed mode, tiered, compressed oops, compressed class ptrs, g1 gc, bsd-amd64)
# Problematic frame:
# V  [libjvm.dylib+0x285441]  PhaseChaitin::gather_lrg_masks(bool)+0x4b1
#
# No core dump will be written. Core dumps have been disabled. To enable core dumping, try "ulimit -c unlimited" before starting Java again
#
# If you would like to submit a bug report, please visit:
#   https://github.com/adoptium/adoptium-support/issues
#

---------------  S U M M A R Y ------------

Command Line: -Dorg.gradle.internal.worker.tmpdir=/Users/dantezhang/.paseo/worktrees/3vbhl92n/polite-duck/engine/build/tmp/test/work -Xmx512m -Dfile.encoding=UTF-8 -Duser.country=CN -Duser.language=zh -Duser.variant -ea worker.org.gradle.process.internal.worker.GradleWorkerMain 'Gradle Test Executor 7'

Host: "MacBookPro15,1" x86_64 2200 MHz, 12 cores, 32G, Darwin 24.6.0, macOS 15.7.8 (24G824)
Time: Sun Aug  9 23:32:56 2026 CST elapsed time: 0.515456 seconds (0d 0h 0m 0s)

---------------  T H R E A D  ---------------

Current thread (0x00007fedf986b800):  JavaThread "C2 CompilerThread0" daemon [_thread_in_native, id=25347, stack(0x0000700001fd4000,0x00007000020d4000)]


Current CompileTask:
C2:515  809   !   4       java.util.jar.JarFile::checkForSpecialAttributes (163 bytes)

Stack: [0x0000700001fd4000,0x00007000020d4000],  sp=0x00007000020d0720,  free space=1009k
Native frames: (J=compiled Java code, j=interpreted, Vv=VM code, C=native code)
V  [libjvm.dylib+0x285441]  PhaseChaitin::gather_lrg_masks(bool)+0x4b1
V  [libjvm.dylib+0x46a019]  PhaseCFG::global_code_motion()+0x5c9
V  [libjvm.dylib+0x46a2da]  PhaseCFG::do_global_code_motion()+0x3a
V  [libjvm.dylib+0x2ff6c5]  Compile::Code_Gen()+0x225
V  [libjvm.dylib+0x2fd1b7]  Compile::Compile(ciEnv*, ciMethod*, int, bool, bool, bool, bool, bool, DirectiveSet*)+0xe97
V  [libjvm.dylib+0x26645f]  C2Compiler::compile_method(ciEnv*, ciMethod*, int, bool, DirectiveSet*)+0xdf
V  [libjvm.dylib+0x30f00a]  CompileBroker::invoke_compiler_on_method(CompileTask*)+0x62a
V  [libjvm.dylib+0x30e7df]  CompileBroker::compiler_thread_loop()+0x42f
V  [libjvm.dylib+0xa55827]  JavaThread::thread_main_inner()+0x147
V  [libjvm.dylib+0xa53bd7]  Thread::call_run()+0xa7
V  [libjvm.dylib+0x861d6c]  thread_native_entry(Thread*)+0x14c
C  [libsystem_pthread.dylib+0x5e05]  _pthread_start+0x73
C  [libsystem_pthread.dylib+0x1857]  thread_start+0xf


siginfo: si_signo: 11 (SIGSEGV), si_code: 1 (SEGV_MAPERR), si_addr: 0x00007fee5a508620

Registers:
RAX=0x00000000144f7260, RBX=0x0000000000000000, RCX=0x00007fee0912bca0, RDX=0x000000000000003b
RSP=0x00007000020d0720, RBP=0x00007000020d07b0, RSI=0x0000000000000000, RDI=0x00007fee0b8baf58
R8 =0x000000000ffffcff, R9 =0x000000000ffffcfe, R10=0x0f0f0f0f0f0f0f0f, R11=0x0101010101010101
R12=0x00007000020d0868, R13=0x0000000000000006, R14=0x00000000ffffffff, R15=0x00007fee0c03b748
RIP=0x0000000113b6a441, EFLAGS=0x0000000000010297, ERR=0x0000000000000004
  TRAPNO=0x000000000000000e


Register to memory mapping:

RAX=0x00000000144f7260 is an unknown value
RBX=0x0 is NULL
RCX=0x00007fee0912bca0 points into unknown readable memory: 0x0000000000000000 | 00 00 00 00 00 00 00 00
RDX=0x000000000000003b is an unknown value
RSP=0x00007000020d0720 is pointing into the stack for thread: 0x00007fedf986b800
RBP=0x00007000020d07b0 is pointing into the stack for thread: 0x00007fedf986b800
RSI=0x0 is NULL
RDI=0x00007fee0b8baf58 points into unknown readable memory: 0x0000000114587a38 | 38 7a 58 14 01 00 00 00
R8 =0x000000000ffffcff is an unknown value
R9 =0x000000000ffffcfe is an unknown value
R10=0x0f0f0f0f0f0f0f0f is an unknown value
R11=0x0101010101010101 is an unknown value
R12=0x00007000020d0868 is pointing into the stack for thread: 0x00007fedf986b800
R13=0x0000000000000006 is an unknown value
R14=0x00000000ffffffff is an unknown value
R15=0x00007fee0c03b748 points into unknown readable memory: 0x0000000114563260 | 60 32 56 14 01 00 00 00


Top of Stack: (sp=0x00007000020d0720)
0x00007000020d0720:   00007000020d0950 00000000ffffffff
0x00007000020d0730:   000000000000000e 000000000000003b
0x00007000020d0740:   00007fed90058188 0000000113a28a15
0x00007000020d0750:   0000000000000007 00007000020d0868
0x00007000020d0760:   00000000020d0828 00007fee0b8baf58
0x00007000020d0770:   00007000020d07b0 00007fee0c03b748
0x00007000020d0780:   00007fed00000002 00007fee09a8b850
0x00007000020d0790:   00007000020d2390 0000000000000000
0x00007000020d07a0:   00007000020d07c0 0000000000000410
0x00007000020d07b0:   00007000020d0b10 0000000113d4f019
0x00007000020d07c0:   000000010000000a 00007000020d30c0
0x00007000020d07d0:   0000000000000000 0000000000000000
0x00007000020d07e0:   0000000113c77bfb 00007fee091262e8
0x00007000020d07f0:   0000000000000078 0000000000000003
0x00007000020d0800:   00007000020d2390 00007000020d0968
0x00007000020d0810:   0000000000000078 00007000020d0a88
0x00007000020d0820:   00007fee0913c101 000070000000000c
0x00007000020d0830:   00007000020d30c0 00007fed90018010
0x00007000020d0840:   00007000020d0800 00007fed90048010
0x00007000020d0850:   00007fee00000410 00007000020d0a88
0x00007000020d0860:   00007fee09a8b860 000000011456ff10
0x00007000020d0870:   0000000100000009 00007000020d30c0
0x00007000020d0880:   0000000000000000 0000700000000000
0x00007000020d0890:   0000700000000002 00007fee0912ac30
0x00007000020d08a0:   0000700000000002 00007fedf902fb90
0x00007000020d08b0:   00007000020d2390 00000000deadbeef
0x00007000020d08c0:   00007000020d0b48 00000001143419a3
0x00007000020d08d0:   00007000020d07c0 00007000020d0828
0x00007000020d08e0:   00007fee00000002 00007fee0912ac40
0x00007000020d08f0:   0000700000000002 00007fedf902fb90
0x00007000020d0900:   00007fee00000002 00007fee0912ac50
0x00007000020d0910:   0000000100000002 00007fedf902fb90 

Instructions: (pc=0x0000000113b6a441)
0x0000000113b6a341:   66 42 c7 84 23 9c 00 00 00 02 00 66 42 c7 84 23
0x0000000113b6a351:   a4 00 00 00 01 00 48 8b 45 a0 8b 40 10 48 c1 e0
0x0000000113b6a361:   05 48 8d 0d c7 27 ab 00 80 7c 01 10 00 4c 8b 7d
0x0000000113b6a371:   c8 44 8b 6d d0 74 3b 42 80 8c 23 a6 00 00 00 01
0x0000000113b6a381:   eb 30 66 42 c7 84 23 9c 00 00 00 04 00 eb 10 66
0x0000000113b6a391:   42 c7 84 23 9c 00 00 00 10 00 0f 1f 44 00 00 66
0x0000000113b6a3a1:   42 c7 84 23 a4 00 00 00 01 00 4c 8b 7d c8 44 8b
0x0000000113b6a3b1:   6d d0 8b 47 18 48 89 45 a0 41 be ff ff ff ff 80
0x0000000113b6a3c1:   7d b4 00 74 3a 48 8b 07 ff 90 b0 00 00 00 48 8b
0x0000000113b6a3d1:   7d b8 83 f8 ff 4c 8b 65 a8 74 0e 89 c6 e8 4d 57
0x0000000113b6a3e1:   4c 00 48 8b 7d b8 41 89 c6 44 3b 6d a0 0f 83 5c
0x0000000113b6a3f1:   fc ff ff eb 18 66 2e 0f 1f 84 00 00 00 00 00 4c
0x0000000113b6a401:   8b 65 a8 44 3b 6d a0 0f 83 42 fc ff ff 45 89 ed
0x0000000113b6a411:   44 89 f0 48 89 85 78 ff ff ff eb 10 0f 1f 00 49
0x0000000113b6a421:   ff c5 4c 3b 6d a0 0f 84 23 fc ff ff 48 8b 47 08
0x0000000113b6a431:   4a 8b 04 e8 48 63 40 28 49 8b 8c 24 08 01 00 00
0x0000000113b6a441:   8b 1c 81 48 85 db 74 d7 80 7d b4 00 74 16 4c 3b
0x0000000113b6a451:   ad 78 ff ff ff 75 0d 48 8b 07 ff 90 e0 00 00 00
0x0000000113b6a461:   48 8b 7d b8 83 7d 9c 02 75 15 41 80 bc 24 18 01
0x0000000113b6a471:   00 00 00 74 0a 8b 47 38 49 39 c5 73 a2 66 90 49
0x0000000113b6a481:   8b 44 24 70 4c 8b 70 20 48 8b 07 44 89 ee ff 90
0x0000000113b6a491:   80 00 00 00 4d 89 f1 4c 8b 45 b8 49 89 c7 80 7d
0x0000000113b6a4a1:   b4 00 75 34 49 8b 44 24 48 49 8b 48 08 4a 8b 0c
0x0000000113b6a4b1:   e9 8b 49 28 48 8b 40 78 48 8b 04 c8 f2 0f 10 40
0x0000000113b6a4c1:   08 48 8b 45 c8 f2 0f 10 48 08 f2 0f 59 0d 65 77
0x0000000113b6a4d1:   94 00 66 0f 2e c1 77 6f 48 69 f3 a8 00 00 00 49
0x0000000113b6a4e1:   8d 04 31 48 05 90 00 00 00 41 8b 8c 31 90 00 00
0x0000000113b6a4f1:   00 41 8b 94 31 94 00 00 00 39 d1 76 14 41 8b 77
0x0000000113b6a501:   58 39 f1 73 37 89 30 41 8b 4f 5c 39 ca 77 35 eb
0x0000000113b6a511:   36 4c 01 ce 48 83 c6 38 0f 1f 80 00 00 00 00 89
0x0000000113b6a521:   ca 49 8b 3c d7 48 21 3c d6 ff c1 8b 50 04 39 d1
0x0000000113b6a531:   76 ed 8b 08 41 8b 77 58 39 f1 72 c9 41 8b 4f 5c 


Stack slot to memory mapping:
stack at sp + 0 slots: 0x00007000020d0950 is pointing into the stack for thread: 0x00007fedf986b800
stack at sp + 1 slots: 0x00000000ffffffff is an unknown value
stack at sp + 2 slots: 0x000000000000000e is an unknown value
stack at sp + 3 slots: 0x000000000000003b is an unknown value
stack at sp + 4 slots: 0x00007fed90058188 points into unknown readable memory: 0x000000000ffffcff | ff fc ff 0f 00 00 00 00
stack at sp + 5 slots: 0x0000000113a28a15: _ZN5Arena4growEmN17AllocFailStrategy13AllocFailEnumE+0x35 in /Users/dantezhang/Library/Java/JavaVirtualMachines/jdk-17.0.20.jdk/Contents/Home/lib/server/libjvm.dylib at 0x00000001138e5000
stack at sp + 6 slots: 0x0000000000000007 is an unknown value
stack at sp + 7 slots: 0x00007000020d0868 is pointing into the stack for thread: 0x00007fedf986b800


---------------  P R O C E S S  ---------------

Threads class SMR info:
_java_thread_list=0x00007fee09a8b270, length=14, elements={
0x00007fee09008200, 0x00007fedf9868400, 0x00007fedf986ac00, 0x00007fee0a00b600,
0x00007fedf986b200, 0x00007fee0c00da00, 0x00007fedf986b800, 0x00007fedf986be00,
0x00007fee0a01b600, 0x00007fee0a015a00, 0x00007fee0a808800, 0x00007fee0a014a00,
0x00007fee0b8a3a00, 0x00007fee0a016c00
}

Java Threads: ( => current thread )
  0x00007fee09008200 JavaThread "Test worker" [_thread_in_Java, id=5379, stack(0x00007000012aa000,0x00007000013aa000)]
  0x00007fedf9868400 JavaThread "Reference Handler" daemon [_thread_blocked, id=31235, stack(0x00007000019bf000,0x0000700001abf000)]
  0x00007fedf986ac00 JavaThread "Finalizer" daemon [_thread_blocked, id=30979, stack(0x0000700001ac2000,0x0000700001bc2000)]
  0x00007fee0a00b600 JavaThread "Signal Dispatcher" daemon [_thread_blocked, id=24579, stack(0x0000700001ccb000,0x0000700001dcb000)]
  0x00007fedf986b200 JavaThread "Service Thread" daemon [_thread_blocked, id=28931, stack(0x0000700001dce000,0x0000700001ece000)]
  0x00007fee0c00da00 JavaThread "Monitor Deflation Thread" daemon [_thread_blocked, id=25091, stack(0x0000700001ed1000,0x0000700001fd1000)]
=>0x00007fedf986b800 JavaThread "C2 CompilerThread0" daemon [_thread_in_native, id=25347, stack(0x0000700001fd4000,0x00007000020d4000)]
  0x00007fedf986be00 JavaThread "C1 CompilerThread0" daemon [_thread_in_native, id=25603, stack(0x00007000020d7000,0x00007000021d7000)]
  0x00007fee0a01b600 JavaThread "Sweeper thread" daemon [_thread_blocked, id=27907, stack(0x00007000021da000,0x00007000022da000)]
  0x00007fee0a015a00 JavaThread "Notification Thread" daemon [_thread_blocked, id=27395, stack(0x00007000022dd000,0x00007000023dd000)]
  0x00007fee0a808800 JavaThread "Common-Cleaner" daemon [_thread_blocked, id=26627, stack(0x00007000024e3000,0x00007000025e3000)]
  0x00007fee0a014a00 JavaThread "/127.0.0.1:53503 to /127.0.0.1:53502 workers" [_thread_blocked, id=32771, stack(0x00007000025e6000,0x00007000026e6000)]
  0x00007fee0b8a3a00 JavaThread "/127.0.0.1:53503 to /127.0.0.1:53502 workers Thread 2" [_thread_blocked, id=33283, stack(0x00007000026e9000,0x00007000027e9000)]
  0x00007fee0a016c00 JavaThread "/127.0.0.1:53503 to /127.0.0.1:53502 workers Thread 3" [_thread_in_native, id=33795, stack(0x00007000027ec000,0x00007000028ec000)]

Other Threads:
  0x00007fee08f6a190 VMThread "VM Thread" [stack: 0x00007000018bc000,0x00007000019bc000] [id=18947]
  0x00007fee09825a20 WatcherThread [stack: 0x00007000023e0000,0x00007000024e0000] [id=27139]
  0x00007fee08f21e90 GCTaskThread "GC Thread#0" [stack: 0x00007000013ad000,0x00007000014ad000] [id=14595]
  0x00007fee08f22d30 ConcurrentGCThread "G1 Main Marker" [stack: 0x00007000014b0000,0x00007000015b0000] [id=14083]
  0x00007fee08f23b00 ConcurrentGCThread "G1 Conc#0" [stack: 0x00007000015b3000,0x00007000016b3000] [id=13571]
  0x00007fedf9023ac0 ConcurrentGCThread "G1 Refine#0" [stack: 0x00007000016b6000,0x00007000017b6000] [id=21507]
  0x00007fedf9024830 ConcurrentGCThread "G1 Service" [stack: 0x00007000017b9000,0x00007000018b9000] [id=20995]

Threads with active compile tasks:
C2 CompilerThread0  533  809   !   4       java.util.jar.JarFile::checkForSpecialAttributes (163 bytes)
C1 CompilerThread0  533  847       3       java.net.URLStreamHandler::parseURL (1201 bytes)

VM state: not at safepoint (normal execution)

VM Mutex/Monitor currently owned by a thread: None

Heap address: 0x00000007e0000000, size: 512 MB, Compressed Oops mode: Zero based, Oop shift amount: 3

CDS archive(s) not mapped
Compressed class space mapped at: 0x0000000800000000-0x0000000840000000, reserved size: 1073741824
Narrow klass base: 0x0000000800000000, Narrow klass shift: 0, Narrow klass range: 0x40000000

GC Precious Log:
 CPUs: 12 total, 12 available
 Memory: 32768M
 Large Page Support: Disabled
 NUMA Support: Disabled
 Compressed Oops: Enabled (Zero based)
 Heap Region Size: 1M
 Heap Min Capacity: 8M
 Heap Initial Capacity: 512M
 Heap Max Capacity: 512M
 Pre-touch: Disabled
 Parallel Workers: 10
 Concurrent Workers: 3
 Concurrent Refinement Workers: 10
 Periodic GC: Disabled

Heap:
 garbage-first heap   total 524288K, used 15360K [0x00000007e0000000, 0x0000000800000000)
  region size 1024K, 16 young (16384K), 0 survivors (0K)
 Metaspace       used 13195K, committed 13376K, reserved 1114112K
  class space    used 1401K, committed 1472K, reserved 1048576K

Heap Regions: E=young(eden), S=young(survivor), O=old, HS=humongous(starts), HC=humongous(continues), CS=collection set, F=free, OA=open archive, CA=closed archive, TAMS=top-at-mark-start (previous, next)
|   0|0x00000007e0000000, 0x00000007e0000000, 0x00000007e0100000|  0%| F|  |TAMS 0x00000007e0000000, 0x00000007e0000000| Untracked 
|   1|0x00000007e0100000, 0x00000007e0100000, 0x00000007e0200000|  0%| F|  |TAMS 0x00000007e0100000, 0x00000007e0100000| Untracked 
|   2|0x00000007e0200000, 0x00000007e0200000, 0x00000007e0300000|  0%| F|  |TAMS 0x00000007e0200000, 0x00000007e0200000| Untracked 
|   3|0x00000007e0300000, 0x00000007e0300000, 0x00000007e0400000|  0%| F|  |TAMS 0x00000007e0300000, 0x00000007e0300000| Untracked 
|   4|0x00000007e0400000, 0x00000007e0400000, 0x00000007e0500000|  0%| F|  |TAMS 0x00000007e0400000, 0x00000007e0400000| Untracked 
|   5|0x00000007e0500000, 0x00000007e0500000, 0x00000007e0600000|  0%| F|  |TAMS 0x00000007e0500000, 0x00000007e0500000| Untracked 
|   6|0x00000007e0600000, 0x00000007e0600000, 0x00000007e0700000|  0%| F|  |TAMS 0x00000007e0600000, 0x00000007e0600000| Untracked 
|   7|0x00000007e0700000, 0x00000007e0700000, 0x00000007e0800000|  0%| F|  |TAMS 0x00000007e0700000, 0x00000007e0700000| Untracked 
|   8|0x00000007e0800000, 0x00000007e0800000, 0x00000007e0900000|  0%| F|  |TAMS 0x00000007e0800000, 0x00000007e0800000| Untracked 
|   9|0x00000007e0900000, 0x00000007e0900000, 0x00000007e0a00000|  0%| F|  |TAMS 0x00000007e0900000, 0x00000007e0900000| Untracked 
|  10|0x00000007e0a00000, 0x00000007e0a00000, 0x00000007e0b00000|  0%| F|  |TAMS 0x00000007e0a00000, 0x00000007e0a00000| Untracked 
|  11|0x00000007e0b00000, 0x00000007e0b00000, 0x00000007e0c00000|  0%| F|  |TAMS 0x00000007e0b00000, 0x00000007e0b00000| Untracked 
|  12|0x00000007e0c00000, 0x00000007e0c00000, 0x00000007e0d00000|  0%| F|  |TAMS 0x00000007e0c00000, 0x00000007e0c00000| Untracked 
|  13|0x00000007e0d00000, 0x00000007e0d00000, 0x00000007e0e00000|  0%| F|  |TAMS 0x00000007e0d00000, 0x00000007e0d00000| Untracked 
|  14|0x00000007e0e00000, 0x00000007e0e00000, 0x00000007e0f00000|  0%| F|  |TAMS 0x00000007e0e00000, 0x00000007e0e00000| Untracked 
|  15|0x00000007e0f00000, 0x00000007e0f00000, 0x00000007e1000000|  0%| F|  |TAMS 0x00000007e0f00000, 0x00000007e0f00000| Untracked 
|  16|0x00000007e1000000, 0x00000007e1000000, 0x00000007e1100000|  0%| F|  |TAMS 0x00000007e1000000, 0x00000007e1000000| Untracked 
|  17|0x00000007e1100000, 0x00000007e1100000, 0x00000007e1200000|  0%| F|  |TAMS 0x00000007e1100000, 0x00000007e1100000| Untracked 
|  18|0x00000007e1200000, 0x00000007e1200000, 0x00000007e1300000|  0%| F|  |TAMS 0x00000007e1200000, 0x00000007e1200000| Untracked 
|  19|0x00000007e1300000, 0x00000007e1300000, 0x00000007e1400000|  0%| F|  |TAMS 0x00000007e1300000, 0x00000007e1300000| Untracked 
|  20|0x00000007e1400000, 0x00000007e1400000, 0x00000007e1500000|  0%| F|  |TAMS 0x00000007e1400000, 0x00000007e1400000| Untracked 
|  21|0x00000007e1500000, 0x00000007e1500000, 0x00000007e1600000|  0%| F|  |TAMS 0x00000007e1500000, 0x00000007e1500000| Untracked 
|  22|0x00000007e1600000, 0x00000007e1600000, 0x00000007e1700000|  0%| F|  |TAMS 0x00000007e1600000, 0x00000007e1600000| Untracked 
|  23|0x00000007e1700000, 0x00000007e1700000, 0x00000007e1800000|  0%| F|  |TAMS 0x00000007e1700000, 0x00000007e1700000| Untracked 
|  24|0x00000007e1800000, 0x00000007e1800000, 0x00000007e1900000|  0%| F|  |TAMS 0x00000007e1800000, 0x00000007e1800000| Untracked 
|  25|0x00000007e1900000, 0x00000007e1900000, 0x00000007e1a00000|  0%| F|  |TAMS 0x00000007e1900000, 0x00000007e1900000| Untracked 
|  26|0x00000007e1a00000, 0x00000007e1a00000, 0x00000007e1b00000|  0%| F|  |TAMS 0x00000007e1a00000, 0x00000007e1a00000| Untracked 
|  27|0x00000007e1b00000, 0x00000007e1b00000, 0x00000007e1c00000|  0%| F|  |TAMS 0x00000007e1b00000, 0x00000007e1b00000| Untracked 
|  28|0x00000007e1c00000, 0x00000007e1c00000, 0x00000007e1d00000|  0%| F|  |TAMS 0x00000007e1c00000, 0x00000007e1c00000| Untracked 
|  29|0x00000007e1d00000, 0x00000007e1d00000, 0x00000007e1e00000|  0%| F|  |TAMS 0x00000007e1d00000, 0x00000007e1d00000| Untracked 
|  30|0x00000007e1e00000, 0x00000007e1e00000, 0x00000007e1f00000|  0%| F|  |TAMS 0x00000007e1e00000, 0x00000007e1e00000| Untracked 
|  31|0x00000007e1f00000, 0x00000007e1f00000, 0x00000007e2000000|  0%| F|  |TAMS 0x00000007e1f00000, 0x00000007e1f00000| Untracked 
|  32|0x00000007e2000000, 0x00000007e2000000, 0x00000007e2100000|  0%| F|  |TAMS 0x00000007e2000000, 0x00000007e2000000| Untracked 
|  33|0x00000007e2100000, 0x00000007e2100000, 0x00000007e2200000|  0%| F|  |TAMS 0x00000007e2100000, 0x00000007e2100000| Untracked 
|  34|0x00000007e2200000, 0x00000007e2200000, 0x00000007e2300000|  0%| F|  |TAMS 0x00000007e2200000, 0x00000007e2200000| Untracked 
|  35|0x00000007e2300000, 0x00000007e2300000, 0x00000007e2400000|  0%| F|  |TAMS 0x00000007e2300000, 0x00000007e2300000| Untracked 
|  36|0x00000007e2400000, 0x00000007e2400000, 0x00000007e2500000|  0%| F|  |TAMS 0x00000007e2400000, 0x00000007e2400000| Untracked 
|  37|0x00000007e2500000, 0x00000007e2500000, 0x00000007e2600000|  0%| F|  |TAMS 0x00000007e2500000, 0x00000007e2500000| Untracked 
|  38|0x00000007e2600000, 0x00000007e2600000, 0x00000007e2700000|  0%| F|  |TAMS 0x00000007e2600000, 0x00000007e2600000| Untracked 
|  39|0x00000007e2700000, 0x00000007e2700000, 0x00000007e2800000|  0%| F|  |TAMS 0x00000007e2700000, 0x00000007e2700000| Untracked 
|  40|0x00000007e2800000, 0x00000007e2800000, 0x00000007e2900000|  0%| F|  |TAMS 0x00000007e2800000, 0x00000007e2800000| Untracked 
|  41|0x00000007e2900000, 0x00000007e2900000, 0x00000007e2a00000|  0%| F|  |TAMS 0x00000007e2900000, 0x00000007e2900000| Untracked 
|  42|0x00000007e2a00000, 0x00000007e2a00000, 0x00000007e2b00000|  0%| F|  |TAMS 0x00000007e2a00000, 0x00000007e2a00000| Untracked 
|  43|0x00000007e2b00000, 0x00000007e2b00000, 0x00000007e2c00000|  0%| F|  |TAMS 0x00000007e2b00000, 0x00000007e2b00000| Untracked 
|  44|0x00000007e2c00000, 0x00000007e2c00000, 0x00000007e2d00000|  0%| F|  |TAMS 0x00000007e2c00000, 0x00000007e2c00000| Untracked 
|  45|0x00000007e2d00000, 0x00000007e2d00000, 0x00000007e2e00000|  0%| F|  |TAMS 0x00000007e2d00000, 0x00000007e2d00000| Untracked 
|  46|0x00000007e2e00000, 0x00000007e2e00000, 0x00000007e2f00000|  0%| F|  |TAMS 0x00000007e2e00000, 0x00000007e2e00000| Untracked 
|  47|0x00000007e2f00000, 0x00000007e2f00000, 0x00000007e3000000|  0%| F|  |TAMS 0x00000007e2f00000, 0x00000007e2f00000| Untracked 
|  48|0x00000007e3000000, 0x00000007e3000000, 0x00000007e3100000|  0%| F|  |TAMS 0x00000007e3000000, 0x00000007e3000000| Untracked 
|  49|0x00000007e3100000, 0x00000007e3100000, 0x00000007e3200000|  0%| F|  |TAMS 0x00000007e3100000, 0x00000007e3100000| Untracked 
|  50|0x00000007e3200000, 0x00000007e3200000, 0x00000007e3300000|  0%| F|  |TAMS 0x00000007e3200000, 0x00000007e3200000| Untracked 
|  51|0x00000007e3300000, 0x00000007e3300000, 0x00000007e3400000|  0%| F|  |TAMS 0x00000007e3300000, 0x00000007e3300000| Untracked 
|  52|0x00000007e3400000, 0x00000007e3400000, 0x00000007e3500000|  0%| F|  |TAMS 0x00000007e3400000, 0x00000007e3400000| Untracked 
|  53|0x00000007e3500000, 0x00000007e3500000, 0x00000007e3600000|  0%| F|  |TAMS 0x00000007e3500000, 0x00000007e3500000| Untracked 
|  54|0x00000007e3600000, 0x00000007e3600000, 0x00000007e3700000|  0%| F|  |TAMS 0x00000007e3600000, 0x00000007e3600000| Untracked 
|  55|0x00000007e3700000, 0x00000007e3700000, 0x00000007e3800000|  0%| F|  |TAMS 0x00000007e3700000, 0x00000007e3700000| Untracked 
|  56|0x00000007e3800000, 0x00000007e3800000, 0x00000007e3900000|  0%| F|  |TAMS 0x00000007e3800000, 0x00000007e3800000| Untracked 
|  57|0x00000007e3900000, 0x00000007e3900000, 0x00000007e3a00000|  0%| F|  |TAMS 0x00000007e3900000, 0x00000007e3900000| Untracked 
|  58|0x00000007e3a00000, 0x00000007e3a00000, 0x00000007e3b00000|  0%| F|  |TAMS 0x00000007e3a00000, 0x00000007e3a00000| Untracked 
|  59|0x00000007e3b00000, 0x00000007e3b00000, 0x00000007e3c00000|  0%| F|  |TAMS 0x00000007e3b00000, 0x00000007e3b00000| Untracked 
|  60|0x00000007e3c00000, 0x00000007e3c00000, 0x00000007e3d00000|  0%| F|  |TAMS 0x00000007e3c00000, 0x00000007e3c00000| Untracked 
|  61|0x00000007e3d00000, 0x00000007e3d00000, 0x00000007e3e00000|  0%| F|  |TAMS 0x00000007e3d00000, 0x00000007e3d00000| Untracked 
|  62|0x00000007e3e00000, 0x00000007e3e00000, 0x00000007e3f00000|  0%| F|  |TAMS 0x00000007e3e00000, 0x00000007e3e00000| Untracked 
|  63|0x00000007e3f00000, 0x00000007e3f00000, 0x00000007e4000000|  0%| F|  |TAMS 0x00000007e3f00000, 0x00000007e3f00000| Untracked 
|  64|0x00000007e4000000, 0x00000007e4000000, 0x00000007e4100000|  0%| F|  |TAMS 0x00000007e4000000, 0x00000007e4000000| Untracked 
|  65|0x00000007e4100000, 0x00000007e4100000, 0x00000007e4200000|  0%| F|  |TAMS 0x00000007e4100000, 0x00000007e4100000| Untracked 
|  66|0x00000007e4200000, 0x00000007e4200000, 0x00000007e4300000|  0%| F|  |TAMS 0x00000007e4200000, 0x00000007e4200000| Untracked 
|  67|0x00000007e4300000, 0x00000007e4300000, 0x00000007e4400000|  0%| F|  |TAMS 0x00000007e4300000, 0x00000007e4300000| Untracked 
|  68|0x00000007e4400000, 0x00000007e4400000, 0x00000007e4500000|  0%| F|  |TAMS 0x00000007e4400000, 0x00000007e4400000| Untracked 
|  69|0x00000007e4500000, 0x00000007e4500000, 0x00000007e4600000|  0%| F|  |TAMS 0x00000007e4500000, 0x00000007e4500000| Untracked 
|  70|0x00000007e4600000, 0x00000007e4600000, 0x00000007e4700000|  0%| F|  |TAMS 0x00000007e4600000, 0x00000007e4600000| Untracked 
|  71|0x00000007e4700000, 0x00000007e4700000, 0x00000007e4800000|  0%| F|  |TAMS 0x00000007e4700000, 0x00000007e4700000| Untracked 
|  72|0x00000007e4800000, 0x00000007e4800000, 0x00000007e4900000|  0%| F|  |TAMS 0x00000007e4800000, 0x00000007e4800000| Untracked 
|  73|0x00000007e4900000, 0x00000007e4900000, 0x00000007e4a00000|  0%| F|  |TAMS 0x00000007e4900000, 0x00000007e4900000| Untracked 
|  74|0x00000007e4a00000, 0x00000007e4a00000, 0x00000007e4b00000|  0%| F|  |TAMS 0x00000007e4a00000, 0x00000007e4a00000| Untracked 
|  75|0x00000007e4b00000, 0x00000007e4b00000, 0x00000007e4c00000|  0%| F|  |TAMS 0x00000007e4b00000, 0x00000007e4b00000| Untracked 
|  76|0x00000007e4c00000, 0x00000007e4c00000, 0x00000007e4d00000|  0%| F|  |TAMS 0x00000007e4c00000, 0x00000007e4c00000| Untracked 
|  77|0x00000007e4d00000, 0x00000007e4d00000, 0x00000007e4e00000|  0%| F|  |TAMS 0x00000007e4d00000, 0x00000007e4d00000| Untracked 
|  78|0x00000007e4e00000, 0x00000007e4e00000, 0x00000007e4f00000|  0%| F|  |TAMS 0x00000007e4e00000, 0x00000007e4e00000| Untracked 
|  79|0x00000007e4f00000, 0x00000007e4f00000, 0x00000007e5000000|  0%| F|  |TAMS 0x00000007e4f00000, 0x00000007e4f00000| Untracked 
|  80|0x00000007e5000000, 0x00000007e5000000, 0x00000007e5100000|  0%| F|  |TAMS 0x00000007e5000000, 0x00000007e5000000| Untracked 
|  81|0x00000007e5100000, 0x00000007e5100000, 0x00000007e5200000|  0%| F|  |TAMS 0x00000007e5100000, 0x00000007e5100000| Untracked 
|  82|0x00000007e5200000, 0x00000007e5200000, 0x00000007e5300000|  0%| F|  |TAMS 0x00000007e5200000, 0x00000007e5200000| Untracked 
|  83|0x00000007e5300000, 0x00000007e5300000, 0x00000007e5400000|  0%| F|  |TAMS 0x00000007e5300000, 0x00000007e5300000| Untracked 
|  84|0x00000007e5400000, 0x00000007e5400000, 0x00000007e5500000|  0%| F|  |TAMS 0x00000007e5400000, 0x00000007e5400000| Untracked 
|  85|0x00000007e5500000, 0x00000007e5500000, 0x00000007e5600000|  0%| F|  |TAMS 0x00000007e5500000, 0x00000007e5500000| Untracked 
|  86|0x00000007e5600000, 0x00000007e5600000, 0x00000007e5700000|  0%| F|  |TAMS 0x00000007e5600000, 0x00000007e5600000| Untracked 
|  87|0x00000007e5700000, 0x00000007e5700000, 0x00000007e5800000|  0%| F|  |TAMS 0x00000007e5700000, 0x00000007e5700000| Untracked 
|  88|0x00000007e5800000, 0x00000007e5800000, 0x00000007e5900000|  0%| F|  |TAMS 0x00000007e5800000, 0x00000007e5800000| Untracked 
|  89|0x00000007e5900000, 0x00000007e5900000, 0x00000007e5a00000|  0%| F|  |TAMS 0x00000007e5900000, 0x00000007e5900000| Untracked 
|  90|0x00000007e5a00000, 0x00000007e5a00000, 0x00000007e5b00000|  0%| F|  |TAMS 0x00000007e5a00000, 0x00000007e5a00000| Untracked 
|  91|0x00000007e5b00000, 0x00000007e5b00000, 0x00000007e5c00000|  0%| F|  |TAMS 0x00000007e5b00000, 0x00000007e5b00000| Untracked 
|  92|0x00000007e5c00000, 0x00000007e5c00000, 0x00000007e5d00000|  0%| F|  |TAMS 0x00000007e5c00000, 0x00000007e5c00000| Untracked 
|  93|0x00000007e5d00000, 0x00000007e5d00000, 0x00000007e5e00000|  0%| F|  |TAMS 0x00000007e5d00000, 0x00000007e5d00000| Untracked 
|  94|0x00000007e5e00000, 0x00000007e5e00000, 0x00000007e5f00000|  0%| F|  |TAMS 0x00000007e5e00000, 0x00000007e5e00000| Untracked 
|  95|0x00000007e5f00000, 0x00000007e5f00000, 0x00000007e6000000|  0%| F|  |TAMS 0x00000007e5f00000, 0x00000007e5f00000| Untracked 
|  96|0x00000007e6000000, 0x00000007e6000000, 0x00000007e6100000|  0%| F|  |TAMS 0x00000007e6000000, 0x00000007e6000000| Untracked 
|  97|0x00000007e6100000, 0x00000007e6100000, 0x00000007e6200000|  0%| F|  |TAMS 0x00000007e6100000, 0x00000007e6100000| Untracked 
|  98|0x00000007e6200000, 0x00000007e6200000, 0x00000007e6300000|  0%| F|  |TAMS 0x00000007e6200000, 0x00000007e6200000| Untracked 
|  99|0x00000007e6300000, 0x00000007e6300000, 0x00000007e6400000|  0%| F|  |TAMS 0x00000007e6300000, 0x00000007e6300000| Untracked 
| 100|0x00000007e6400000, 0x00000007e6400000, 0x00000007e6500000|  0%| F|  |TAMS 0x00000007e6400000, 0x00000007e6400000| Untracked 
| 101|0x00000007e6500000, 0x00000007e6500000, 0x00000007e6600000|  0%| F|  |TAMS 0x00000007e6500000, 0x00000007e6500000| Untracked 
| 102|0x00000007e6600000, 0x00000007e6600000, 0x00000007e6700000|  0%| F|  |TAMS 0x00000007e6600000, 0x00000007e6600000| Untracked 
| 103|0x00000007e6700000, 0x00000007e6700000, 0x00000007e6800000|  0%| F|  |TAMS 0x00000007e6700000, 0x00000007e6700000| Untracked 
| 104|0x00000007e6800000, 0x00000007e6800000, 0x00000007e6900000|  0%| F|  |TAMS 0x00000007e6800000, 0x00000007e6800000| Untracked 
| 105|0x00000007e6900000, 0x00000007e6900000, 0x00000007e6a00000|  0%| F|  |TAMS 0x00000007e6900000, 0x00000007e6900000| Untracked 
| 106|0x00000007e6a00000, 0x00000007e6a00000, 0x00000007e6b00000|  0%| F|  |TAMS 0x00000007e6a00000, 0x00000007e6a00000| Untracked 
| 107|0x00000007e6b00000, 0x00000007e6b00000, 0x00000007e6c00000|  0%| F|  |TAMS 0x00000007e6b00000, 0x00000007e6b00000| Untracked 
| 108|0x00000007e6c00000, 0x00000007e6c00000, 0x00000007e6d00000|  0%| F|  |TAMS 0x00000007e6c00000, 0x00000007e6c00000| Untracked 
| 109|0x00000007e6d00000, 0x00000007e6d00000, 0x00000007e6e00000|  0%| F|  |TAMS 0x00000007e6d00000, 0x00000007e6d00000| Untracked 
| 110|0x00000007e6e00000, 0x00000007e6e00000, 0x00000007e6f00000|  0%| F|  |TAMS 0x00000007e6e00000, 0x00000007e6e00000| Untracked 
| 111|0x00000007e6f00000, 0x00000007e6f00000, 0x00000007e7000000|  0%| F|  |TAMS 0x00000007e6f00000, 0x00000007e6f00000| Untracked 
| 112|0x00000007e7000000, 0x00000007e7000000, 0x00000007e7100000|  0%| F|  |TAMS 0x00000007e7000000, 0x00000007e7000000| Untracked 
| 113|0x00000007e7100000, 0x00000007e7100000, 0x00000007e7200000|  0%| F|  |TAMS 0x00000007e7100000, 0x00000007e7100000| Untracked 
| 114|0x00000007e7200000, 0x00000007e7200000, 0x00000007e7300000|  0%| F|  |TAMS 0x00000007e7200000, 0x00000007e7200000| Untracked 
| 115|0x00000007e7300000, 0x00000007e7300000, 0x00000007e7400000|  0%| F|  |TAMS 0x00000007e7300000, 0x00000007e7300000| Untracked 
| 116|0x00000007e7400000, 0x00000007e7400000, 0x00000007e7500000|  0%| F|  |TAMS 0x00000007e7400000, 0x00000007e7400000| Untracked 
| 117|0x00000007e7500000, 0x00000007e7500000, 0x00000007e7600000|  0%| F|  |TAMS 0x00000007e7500000, 0x00000007e7500000| Untracked 
| 118|0x00000007e7600000, 0x00000007e7600000, 0x00000007e7700000|  0%| F|  |TAMS 0x00000007e7600000, 0x00000007e7600000| Untracked 
| 119|0x00000007e7700000, 0x00000007e7700000, 0x00000007e7800000|  0%| F|  |TAMS 0x00000007e7700000, 0x00000007e7700000| Untracked 
| 120|0x00000007e7800000, 0x00000007e7800000, 0x00000007e7900000|  0%| F|  |TAMS 0x00000007e7800000, 0x00000007e7800000| Untracked 
| 121|0x00000007e7900000, 0x00000007e7900000, 0x00000007e7a00000|  0%| F|  |TAMS 0x00000007e7900000, 0x00000007e7900000| Untracked 
| 122|0x00000007e7a00000, 0x00000007e7a00000, 0x00000007e7b00000|  0%| F|  |TAMS 0x00000007e7a00000, 0x00000007e7a00000| Untracked 
| 123|0x00000007e7b00000, 0x00000007e7b00000, 0x00000007e7c00000|  0%| F|  |TAMS 0x00000007e7b00000, 0x00000007e7b00000| Untracked 
| 124|0x00000007e7c00000, 0x00000007e7c00000, 0x00000007e7d00000|  0%| F|  |TAMS 0x00000007e7c00000, 0x00000007e7c00000| Untracked 
| 125|0x00000007e7d00000, 0x00000007e7d00000, 0x00000007e7e00000|  0%| F|  |TAMS 0x00000007e7d00000, 0x00000007e7d00000| Untracked 
| 126|0x00000007e7e00000, 0x00000007e7e00000, 0x00000007e7f00000|  0%| F|  |TAMS 0x00000007e7e00000, 0x00000007e7e00000| Untracked 
| 127|0x00000007e7f00000, 0x00000007e7f00000, 0x00000007e8000000|  0%| F|  |TAMS 0x00000007e7f00000, 0x00000007e7f00000| Untracked 
| 128|0x00000007e8000000, 0x00000007e8000000, 0x00000007e8100000|  0%| F|  |TAMS 0x00000007e8000000, 0x00000007e8000000| Untracked 
| 129|0x00000007e8100000, 0x00000007e8100000, 0x00000007e8200000|  0%| F|  |TAMS 0x00000007e8100000, 0x00000007e8100000| Untracked 
| 130|0x00000007e8200000, 0x00000007e8200000, 0x00000007e8300000|  0%| F|  |TAMS 0x00000007e8200000, 0x00000007e8200000| Untracked 
| 131|0x00000007e8300000, 0x00000007e8300000, 0x00000007e8400000|  0%| F|  |TAMS 0x00000007e8300000, 0x00000007e8300000| Untracked 
| 132|0x00000007e8400000, 0x00000007e8400000, 0x00000007e8500000|  0%| F|  |TAMS 0x00000007e8400000, 0x00000007e8400000| Untracked 
| 133|0x00000007e8500000, 0x00000007e8500000, 0x00000007e8600000|  0%| F|  |TAMS 0x00000007e8500000, 0x00000007e8500000| Untracked 
| 134|0x00000007e8600000, 0x00000007e8600000, 0x00000007e8700000|  0%| F|  |TAMS 0x00000007e8600000, 0x00000007e8600000| Untracked 
| 135|0x00000007e8700000, 0x00000007e8700000, 0x00000007e8800000|  0%| F|  |TAMS 0x00000007e8700000, 0x00000007e8700000| Untracked 
| 136|0x00000007e8800000, 0x00000007e8800000, 0x00000007e8900000|  0%| F|  |TAMS 0x00000007e8800000, 0x00000007e8800000| Untracked 
| 137|0x00000007e8900000, 0x00000007e8900000, 0x00000007e8a00000|  0%| F|  |TAMS 0x00000007e8900000, 0x00000007e8900000| Untracked 
| 138|0x00000007e8a00000, 0x00000007e8a00000, 0x00000007e8b00000|  0%| F|  |TAMS 0x00000007e8a00000, 0x00000007e8a00000| Untracked 
| 139|0x00000007e8b00000, 0x00000007e8b00000, 0x00000007e8c00000|  0%| F|  |TAMS 0x00000007e8b00000, 0x00000007e8b00000| Untracked 
| 140|0x00000007e8c00000, 0x00000007e8c00000, 0x00000007e8d00000|  0%| F|  |TAMS 0x00000007e8c00000, 0x00000007e8c00000| Untracked 
| 141|0x00000007e8d00000, 0x00000007e8d00000, 0x00000007e8e00000|  0%| F|  |TAMS 0x00000007e8d00000, 0x00000007e8d00000| Untracked 
| 142|0x00000007e8e00000, 0x00000007e8e00000, 0x00000007e8f00000|  0%| F|  |TAMS 0x00000007e8e00000, 0x00000007e8e00000| Untracked 
| 143|0x00000007e8f00000, 0x00000007e8f00000, 0x00000007e9000000|  0%| F|  |TAMS 0x00000007e8f00000, 0x00000007e8f00000| Untracked 
| 144|0x00000007e9000000, 0x00000007e9000000, 0x00000007e9100000|  0%| F|  |TAMS 0x00000007e9000000, 0x00000007e9000000| Untracked 
| 145|0x00000007e9100000, 0x00000007e9100000, 0x00000007e9200000|  0%| F|  |TAMS 0x00000007e9100000, 0x00000007e9100000| Untracked 
| 146|0x00000007e9200000, 0x00000007e9200000, 0x00000007e9300000|  0%| F|  |TAMS 0x00000007e9200000, 0x00000007e9200000| Untracked 
| 147|0x00000007e9300000, 0x00000007e9300000, 0x00000007e9400000|  0%| F|  |TAMS 0x00000007e9300000, 0x00000007e9300000| Untracked 
| 148|0x00000007e9400000, 0x00000007e9400000, 0x00000007e9500000|  0%| F|  |TAMS 0x00000007e9400000, 0x00000007e9400000| Untracked 
| 149|0x00000007e9500000, 0x00000007e9500000, 0x00000007e9600000|  0%| F|  |TAMS 0x00000007e9500000, 0x00000007e9500000| Untracked 
| 150|0x00000007e9600000, 0x00000007e9600000, 0x00000007e9700000|  0%| F|  |TAMS 0x00000007e9600000, 0x00000007e9600000| Untracked 
| 151|0x00000007e9700000, 0x00000007e9700000, 0x00000007e9800000|  0%| F|  |TAMS 0x00000007e9700000, 0x00000007e9700000| Untracked 
| 152|0x00000007e9800000, 0x00000007e9800000, 0x00000007e9900000|  0%| F|  |TAMS 0x00000007e9800000, 0x00000007e9800000| Untracked 
| 153|0x00000007e9900000, 0x00000007e9900000, 0x00000007e9a00000|  0%| F|  |TAMS 0x00000007e9900000, 0x00000007e9900000| Untracked 
| 154|0x00000007e9a00000, 0x00000007e9a00000, 0x00000007e9b00000|  0%| F|  |TAMS 0x00000007e9a00000, 0x00000007e9a00000| Untracked 
| 155|0x00000007e9b00000, 0x00000007e9b00000, 0x00000007e9c00000|  0%| F|  |TAMS 0x00000007e9b00000, 0x00000007e9b00000| Untracked 
| 156|0x00000007e9c00000, 0x00000007e9c00000, 0x00000007e9d00000|  0%| F|  |TAMS 0x00000007e9c00000, 0x00000007e9c00000| Untracked 
| 157|0x00000007e9d00000, 0x00000007e9d00000, 0x00000007e9e00000|  0%| F|  |TAMS 0x00000007e9d00000, 0x00000007e9d00000| Untracked 
| 158|0x00000007e9e00000, 0x00000007e9e00000, 0x00000007e9f00000|  0%| F|  |TAMS 0x00000007e9e00000, 0x00000007e9e00000| Untracked 
| 159|0x00000007e9f00000, 0x00000007e9f00000, 0x00000007ea000000|  0%| F|  |TAMS 0x00000007e9f00000, 0x00000007e9f00000| Untracked 
| 160|0x00000007ea000000, 0x00000007ea000000, 0x00000007ea100000|  0%| F|  |TAMS 0x00000007ea000000, 0x00000007ea000000| Untracked 
| 161|0x00000007ea100000, 0x00000007ea100000, 0x00000007ea200000|  0%| F|  |TAMS 0x00000007ea100000, 0x00000007ea100000| Untracked 
| 162|0x00000007ea200000, 0x00000007ea200000, 0x00000007ea300000|  0%| F|  |TAMS 0x00000007ea200000, 0x00000007ea200000| Untracked 
| 163|0x00000007ea300000, 0x00000007ea300000, 0x00000007ea400000|  0%| F|  |TAMS 0x00000007ea300000, 0x00000007ea300000| Untracked 
| 164|0x00000007ea400000, 0x00000007ea400000, 0x00000007ea500000|  0%| F|  |TAMS 0x00000007ea400000, 0x00000007ea400000| Untracked 
| 165|0x00000007ea500000, 0x00000007ea500000, 0x00000007ea600000|  0%| F|  |TAMS 0x00000007ea500000, 0x00000007ea500000| Untracked 
| 166|0x00000007ea600000, 0x00000007ea600000, 0x00000007ea700000|  0%| F|  |TAMS 0x00000007ea600000, 0x00000007ea600000| Untracked 
| 167|0x00000007ea700000, 0x00000007ea700000, 0x00000007ea800000|  0%| F|  |TAMS 0x00000007ea700000, 0x00000007ea700000| Untracked 
| 168|0x00000007ea800000, 0x00000007ea800000, 0x00000007ea900000|  0%| F|  |TAMS 0x00000007ea800000, 0x00000007ea800000| Untracked 
| 169|0x00000007ea900000, 0x00000007ea900000, 0x00000007eaa00000|  0%| F|  |TAMS 0x00000007ea900000, 0x00000007ea900000| Untracked 
| 170|0x00000007eaa00000, 0x00000007eaa00000, 0x00000007eab00000|  0%| F|  |TAMS 0x00000007eaa00000, 0x00000007eaa00000| Untracked 
| 171|0x00000007eab00000, 0x00000007eab00000, 0x00000007eac00000|  0%| F|  |TAMS 0x00000007eab00000, 0x00000007eab00000| Untracked 
| 172|0x00000007eac00000, 0x00000007eac00000, 0x00000007ead00000|  0%| F|  |TAMS 0x00000007eac00000, 0x00000007eac00000| Untracked 
| 173|0x00000007ead00000, 0x00000007ead00000, 0x00000007eae00000|  0%| F|  |TAMS 0x00000007ead00000, 0x00000007ead00000| Untracked 
| 174|0x00000007eae00000, 0x00000007eae00000, 0x00000007eaf00000|  0%| F|  |TAMS 0x00000007eae00000, 0x00000007eae00000| Untracked 
| 175|0x00000007eaf00000, 0x00000007eaf00000, 0x00000007eb000000|  0%| F|  |TAMS 0x00000007eaf00000, 0x00000007eaf00000| Untracked 
| 176|0x00000007eb000000, 0x00000007eb000000, 0x00000007eb100000|  0%| F|  |TAMS 0x00000007eb000000, 0x00000007eb000000| Untracked 
| 177|0x00000007eb100000, 0x00000007eb100000, 0x00000007eb200000|  0%| F|  |TAMS 0x00000007eb100000, 0x00000007eb100000| Untracked 
| 178|0x00000007eb200000, 0x00000007eb200000, 0x00000007eb300000|  0%| F|  |TAMS 0x00000007eb200000, 0x00000007eb200000| Untracked 
| 179|0x00000007eb300000, 0x00000007eb300000, 0x00000007eb400000|  0%| F|  |TAMS 0x00000007eb300000, 0x00000007eb300000| Untracked 
| 180|0x00000007eb400000, 0x00000007eb400000, 0x00000007eb500000|  0%| F|  |TAMS 0x00000007eb400000, 0x00000007eb400000| Untracked 
| 181|0x00000007eb500000, 0x00000007eb500000, 0x00000007eb600000|  0%| F|  |TAMS 0x00000007eb500000, 0x00000007eb500000| Untracked 
| 182|0x00000007eb600000, 0x00000007eb600000, 0x00000007eb700000|  0%| F|  |TAMS 0x00000007eb600000, 0x00000007eb600000| Untracked 
| 183|0x00000007eb700000, 0x00000007eb700000, 0x00000007eb800000|  0%| F|  |TAMS 0x00000007eb700000, 0x00000007eb700000| Untracked 
| 184|0x00000007eb800000, 0x00000007eb800000, 0x00000007eb900000|  0%| F|  |TAMS 0x00000007eb800000, 0x00000007eb800000| Untracked 
| 185|0x00000007eb900000, 0x00000007eb900000, 0x00000007eba00000|  0%| F|  |TAMS 0x00000007eb900000, 0x00000007eb900000| Untracked 
| 186|0x00000007eba00000, 0x00000007eba00000, 0x00000007ebb00000|  0%| F|  |TAMS 0x00000007eba00000, 0x00000007eba00000| Untracked 
| 187|0x00000007ebb00000, 0x00000007ebb00000, 0x00000007ebc00000|  0%| F|  |TAMS 0x00000007ebb00000, 0x00000007ebb00000| Untracked 
| 188|0x00000007ebc00000, 0x00000007ebc00000, 0x00000007ebd00000|  0%| F|  |TAMS 0x00000007ebc00000, 0x00000007ebc00000| Untracked 
| 189|0x00000007ebd00000, 0x00000007ebd00000, 0x00000007ebe00000|  0%| F|  |TAMS 0x00000007ebd00000, 0x00000007ebd00000| Untracked 
| 190|0x00000007ebe00000, 0x00000007ebe00000, 0x00000007ebf00000|  0%| F|  |TAMS 0x00000007ebe00000, 0x00000007ebe00000| Untracked 
| 191|0x00000007ebf00000, 0x00000007ebf00000, 0x00000007ec000000|  0%| F|  |TAMS 0x00000007ebf00000, 0x00000007ebf00000| Untracked 
| 192|0x00000007ec000000, 0x00000007ec000000, 0x00000007ec100000|  0%| F|  |TAMS 0x00000007ec000000, 0x00000007ec000000| Untracked 
| 193|0x00000007ec100000, 0x00000007ec100000, 0x00000007ec200000|  0%| F|  |TAMS 0x00000007ec100000, 0x00000007ec100000| Untracked 
| 194|0x00000007ec200000, 0x00000007ec200000, 0x00000007ec300000|  0%| F|  |TAMS 0x00000007ec200000, 0x00000007ec200000| Untracked 
| 195|0x00000007ec300000, 0x00000007ec300000, 0x00000007ec400000|  0%| F|  |TAMS 0x00000007ec300000, 0x00000007ec300000| Untracked 
| 196|0x00000007ec400000, 0x00000007ec400000, 0x00000007ec500000|  0%| F|  |TAMS 0x00000007ec400000, 0x00000007ec400000| Untracked 
| 197|0x00000007ec500000, 0x00000007ec500000, 0x00000007ec600000|  0%| F|  |TAMS 0x00000007ec500000, 0x00000007ec500000| Untracked 
| 198|0x00000007ec600000, 0x00000007ec600000, 0x00000007ec700000|  0%| F|  |TAMS 0x00000007ec600000, 0x00000007ec600000| Untracked 
| 199|0x00000007ec700000, 0x00000007ec700000, 0x00000007ec800000|  0%| F|  |TAMS 0x00000007ec700000, 0x00000007ec700000| Untracked 
| 200|0x00000007ec800000, 0x00000007ec800000, 0x00000007ec900000|  0%| F|  |TAMS 0x00000007ec800000, 0x00000007ec800000| Untracked 
| 201|0x00000007ec900000, 0x00000007ec900000, 0x00000007eca00000|  0%| F|  |TAMS 0x00000007ec900000, 0x00000007ec900000| Untracked 
| 202|0x00000007eca00000, 0x00000007eca00000, 0x00000007ecb00000|  0%| F|  |TAMS 0x00000007eca00000, 0x00000007eca00000| Untracked 
| 203|0x00000007ecb00000, 0x00000007ecb00000, 0x00000007ecc00000|  0%| F|  |TAMS 0x00000007ecb00000, 0x00000007ecb00000| Untracked 
| 204|0x00000007ecc00000, 0x00000007ecc00000, 0x00000007ecd00000|  0%| F|  |TAMS 0x00000007ecc00000, 0x00000007ecc00000| Untracked 
| 205|0x00000007ecd00000, 0x00000007ecd00000, 0x00000007ece00000|  0%| F|  |TAMS 0x00000007ecd00000, 0x00000007ecd00000| Untracked 
| 206|0x00000007ece00000, 0x00000007ece00000, 0x00000007ecf00000|  0%| F|  |TAMS 0x00000007ece00000, 0x00000007ece00000| Untracked 
| 207|0x00000007ecf00000, 0x00000007ecf00000, 0x00000007ed000000|  0%| F|  |TAMS 0x00000007ecf00000, 0x00000007ecf00000| Untracked 
| 208|0x00000007ed000000, 0x00000007ed000000, 0x00000007ed100000|  0%| F|  |TAMS 0x00000007ed000000, 0x00000007ed000000| Untracked 
| 209|0x00000007ed100000, 0x00000007ed100000, 0x00000007ed200000|  0%| F|  |TAMS 0x00000007ed100000, 0x00000007ed100000| Untracked 
| 210|0x00000007ed200000, 0x00000007ed200000, 0x00000007ed300000|  0%| F|  |TAMS 0x00000007ed200000, 0x00000007ed200000| Untracked 
| 211|0x00000007ed300000, 0x00000007ed300000, 0x00000007ed400000|  0%| F|  |TAMS 0x00000007ed300000, 0x00000007ed300000| Untracked 
| 212|0x00000007ed400000, 0x00000007ed400000, 0x00000007ed500000|  0%| F|  |TAMS 0x00000007ed400000, 0x00000007ed400000| Untracked 
| 213|0x00000007ed500000, 0x00000007ed500000, 0x00000007ed600000|  0%| F|  |TAMS 0x00000007ed500000, 0x00000007ed500000| Untracked 
| 214|0x00000007ed600000, 0x00000007ed600000, 0x00000007ed700000|  0%| F|  |TAMS 0x00000007ed600000, 0x00000007ed600000| Untracked 
| 215|0x00000007ed700000, 0x00000007ed700000, 0x00000007ed800000|  0%| F|  |TAMS 0x00000007ed700000, 0x00000007ed700000| Untracked 
| 216|0x00000007ed800000, 0x00000007ed800000, 0x00000007ed900000|  0%| F|  |TAMS 0x00000007ed800000, 0x00000007ed800000| Untracked 
| 217|0x00000007ed900000, 0x00000007ed900000, 0x00000007eda00000|  0%| F|  |TAMS 0x00000007ed900000, 0x00000007ed900000| Untracked 
| 218|0x00000007eda00000, 0x00000007eda00000, 0x00000007edb00000|  0%| F|  |TAMS 0x00000007eda00000, 0x00000007eda00000| Untracked 
| 219|0x00000007edb00000, 0x00000007edb00000, 0x00000007edc00000|  0%| F|  |TAMS 0x00000007edb00000, 0x00000007edb00000| Untracked 
| 220|0x00000007edc00000, 0x00000007edc00000, 0x00000007edd00000|  0%| F|  |TAMS 0x00000007edc00000, 0x00000007edc00000| Untracked 
| 221|0x00000007edd00000, 0x00000007edd00000, 0x00000007ede00000|  0%| F|  |TAMS 0x00000007edd00000, 0x00000007edd00000| Untracked 
| 222|0x00000007ede00000, 0x00000007ede00000, 0x00000007edf00000|  0%| F|  |TAMS 0x00000007ede00000, 0x00000007ede00000| Untracked 
| 223|0x00000007edf00000, 0x00000007edf00000, 0x00000007ee000000|  0%| F|  |TAMS 0x00000007edf00000, 0x00000007edf00000| Untracked 
| 224|0x00000007ee000000, 0x00000007ee000000, 0x00000007ee100000|  0%| F|  |TAMS 0x00000007ee000000, 0x00000007ee000000| Untracked 
| 225|0x00000007ee100000, 0x00000007ee100000, 0x00000007ee200000|  0%| F|  |TAMS 0x00000007ee100000, 0x00000007ee100000| Untracked 
| 226|0x00000007ee200000, 0x00000007ee200000, 0x00000007ee300000|  0%| F|  |TAMS 0x00000007ee200000, 0x00000007ee200000| Untracked 
| 227|0x00000007ee300000, 0x00000007ee300000, 0x00000007ee400000|  0%| F|  |TAMS 0x00000007ee300000, 0x00000007ee300000| Untracked 
| 228|0x00000007ee400000, 0x00000007ee400000, 0x00000007ee500000|  0%| F|  |TAMS 0x00000007ee400000, 0x00000007ee400000| Untracked 
| 229|0x00000007ee500000, 0x00000007ee500000, 0x00000007ee600000|  0%| F|  |TAMS 0x00000007ee500000, 0x00000007ee500000| Untracked 
| 230|0x00000007ee600000, 0x00000007ee600000, 0x00000007ee700000|  0%| F|  |TAMS 0x00000007ee600000, 0x00000007ee600000| Untracked 
| 231|0x00000007ee700000, 0x00000007ee700000, 0x00000007ee800000|  0%| F|  |TAMS 0x00000007ee700000, 0x00000007ee700000| Untracked 
| 232|0x00000007ee800000, 0x00000007ee800000, 0x00000007ee900000|  0%| F|  |TAMS 0x00000007ee800000, 0x00000007ee800000| Untracked 
| 233|0x00000007ee900000, 0x00000007ee900000, 0x00000007eea00000|  0%| F|  |TAMS 0x00000007ee900000, 0x00000007ee900000| Untracked 
| 234|0x00000007eea00000, 0x00000007eea00000, 0x00000007eeb00000|  0%| F|  |TAMS 0x00000007eea00000, 0x00000007eea00000| Untracked 
| 235|0x00000007eeb00000, 0x00000007eeb00000, 0x00000007eec00000|  0%| F|  |TAMS 0x00000007eeb00000, 0x00000007eeb00000| Untracked 
| 236|0x00000007eec00000, 0x00000007eec00000, 0x00000007eed00000|  0%| F|  |TAMS 0x00000007eec00000, 0x00000007eec00000| Untracked 
| 237|0x00000007eed00000, 0x00000007eed00000, 0x00000007eee00000|  0%| F|  |TAMS 0x00000007eed00000, 0x00000007eed00000| Untracked 
| 238|0x00000007eee00000, 0x00000007eee00000, 0x00000007eef00000|  0%| F|  |TAMS 0x00000007eee00000, 0x00000007eee00000| Untracked 
| 239|0x00000007eef00000, 0x00000007eef00000, 0x00000007ef000000|  0%| F|  |TAMS 0x00000007eef00000, 0x00000007eef00000| Untracked 
| 240|0x00000007ef000000, 0x00000007ef000000, 0x00000007ef100000|  0%| F|  |TAMS 0x00000007ef000000, 0x00000007ef000000| Untracked 
| 241|0x00000007ef100000, 0x00000007ef100000, 0x00000007ef200000|  0%| F|  |TAMS 0x00000007ef100000, 0x00000007ef100000| Untracked 
| 242|0x00000007ef200000, 0x00000007ef200000, 0x00000007ef300000|  0%| F|  |TAMS 0x00000007ef200000, 0x00000007ef200000| Untracked 
| 243|0x00000007ef300000, 0x00000007ef300000, 0x00000007ef400000|  0%| F|  |TAMS 0x00000007ef300000, 0x00000007ef300000| Untracked 
| 244|0x00000007ef400000, 0x00000007ef400000, 0x00000007ef500000|  0%| F|  |TAMS 0x00000007ef400000, 0x00000007ef400000| Untracked 
| 245|0x00000007ef500000, 0x00000007ef500000, 0x00000007ef600000|  0%| F|  |TAMS 0x00000007ef500000, 0x00000007ef500000| Untracked 
| 246|0x00000007ef600000, 0x00000007ef600000, 0x00000007ef700000|  0%| F|  |TAMS 0x00000007ef600000, 0x00000007ef600000| Untracked 
| 247|0x00000007ef700000, 0x00000007ef700000, 0x00000007ef800000|  0%| F|  |TAMS 0x00000007ef700000, 0x00000007ef700000| Untracked 
| 248|0x00000007ef800000, 0x00000007ef800000, 0x00000007ef900000|  0%| F|  |TAMS 0x00000007ef800000, 0x00000007ef800000| Untracked 
| 249|0x00000007ef900000, 0x00000007ef900000, 0x00000007efa00000|  0%| F|  |TAMS 0x00000007ef900000, 0x00000007ef900000| Untracked 
| 250|0x00000007efa00000, 0x00000007efa00000, 0x00000007efb00000|  0%| F|  |TAMS 0x00000007efa00000, 0x00000007efa00000| Untracked 
| 251|0x00000007efb00000, 0x00000007efb00000, 0x00000007efc00000|  0%| F|  |TAMS 0x00000007efb00000, 0x00000007efb00000| Untracked 
| 252|0x00000007efc00000, 0x00000007efc00000, 0x00000007efd00000|  0%| F|  |TAMS 0x00000007efc00000, 0x00000007efc00000| Untracked 
| 253|0x00000007efd00000, 0x00000007efd00000, 0x00000007efe00000|  0%| F|  |TAMS 0x00000007efd00000, 0x00000007efd00000| Untracked 
| 254|0x00000007efe00000, 0x00000007efe00000, 0x00000007eff00000|  0%| F|  |TAMS 0x00000007efe00000, 0x00000007efe00000| Untracked 
| 255|0x00000007eff00000, 0x00000007eff00000, 0x00000007f0000000|  0%| F|  |TAMS 0x00000007eff00000, 0x00000007eff00000| Untracked 
| 256|0x00000007f0000000, 0x00000007f0000000, 0x00000007f0100000|  0%| F|  |TAMS 0x00000007f0000000, 0x00000007f0000000| Untracked 
| 257|0x00000007f0100000, 0x00000007f0100000, 0x00000007f0200000|  0%| F|  |TAMS 0x00000007f0100000, 0x00000007f0100000| Untracked 
| 258|0x00000007f0200000, 0x00000007f0200000, 0x00000007f0300000|  0%| F|  |TAMS 0x00000007f0200000, 0x00000007f0200000| Untracked 
| 259|0x00000007f0300000, 0x00000007f0300000, 0x00000007f0400000|  0%| F|  |TAMS 0x00000007f0300000, 0x00000007f0300000| Untracked 
| 260|0x00000007f0400000, 0x00000007f0400000, 0x00000007f0500000|  0%| F|  |TAMS 0x00000007f0400000, 0x00000007f0400000| Untracked 
| 261|0x00000007f0500000, 0x00000007f0500000, 0x00000007f0600000|  0%| F|  |TAMS 0x00000007f0500000, 0x00000007f0500000| Untracked 
| 262|0x00000007f0600000, 0x00000007f0600000, 0x00000007f0700000|  0%| F|  |TAMS 0x00000007f0600000, 0x00000007f0600000| Untracked 
| 263|0x00000007f0700000, 0x00000007f0700000, 0x00000007f0800000|  0%| F|  |TAMS 0x00000007f0700000, 0x00000007f0700000| Untracked 
| 264|0x00000007f0800000, 0x00000007f0800000, 0x00000007f0900000|  0%| F|  |TAMS 0x00000007f0800000, 0x00000007f0800000| Untracked 
| 265|0x00000007f0900000, 0x00000007f0900000, 0x00000007f0a00000|  0%| F|  |TAMS 0x00000007f0900000, 0x00000007f0900000| Untracked 
| 266|0x00000007f0a00000, 0x00000007f0a00000, 0x00000007f0b00000|  0%| F|  |TAMS 0x00000007f0a00000, 0x00000007f0a00000| Untracked 
| 267|0x00000007f0b00000, 0x00000007f0b00000, 0x00000007f0c00000|  0%| F|  |TAMS 0x00000007f0b00000, 0x00000007f0b00000| Untracked 
| 268|0x00000007f0c00000, 0x00000007f0c00000, 0x00000007f0d00000|  0%| F|  |TAMS 0x00000007f0c00000, 0x00000007f0c00000| Untracked 
| 269|0x00000007f0d00000, 0x00000007f0d00000, 0x00000007f0e00000|  0%| F|  |TAMS 0x00000007f0d00000, 0x00000007f0d00000| Untracked 
| 270|0x00000007f0e00000, 0x00000007f0e00000, 0x00000007f0f00000|  0%| F|  |TAMS 0x00000007f0e00000, 0x00000007f0e00000| Untracked 
| 271|0x00000007f0f00000, 0x00000007f0f00000, 0x00000007f1000000|  0%| F|  |TAMS 0x00000007f0f00000, 0x00000007f0f00000| Untracked 
| 272|0x00000007f1000000, 0x00000007f1000000, 0x00000007f1100000|  0%| F|  |TAMS 0x00000007f1000000, 0x00000007f1000000| Untracked 
| 273|0x00000007f1100000, 0x00000007f1100000, 0x00000007f1200000|  0%| F|  |TAMS 0x00000007f1100000, 0x00000007f1100000| Untracked 
| 274|0x00000007f1200000, 0x00000007f1200000, 0x00000007f1300000|  0%| F|  |TAMS 0x00000007f1200000, 0x00000007f1200000| Untracked 
| 275|0x00000007f1300000, 0x00000007f1300000, 0x00000007f1400000|  0%| F|  |TAMS 0x00000007f1300000, 0x00000007f1300000| Untracked 
| 276|0x00000007f1400000, 0x00000007f1400000, 0x00000007f1500000|  0%| F|  |TAMS 0x00000007f1400000, 0x00000007f1400000| Untracked 
| 277|0x00000007f1500000, 0x00000007f1500000, 0x00000007f1600000|  0%| F|  |TAMS 0x00000007f1500000, 0x00000007f1500000| Untracked 
| 278|0x00000007f1600000, 0x00000007f1600000, 0x00000007f1700000|  0%| F|  |TAMS 0x00000007f1600000, 0x00000007f1600000| Untracked 
| 279|0x00000007f1700000, 0x00000007f1700000, 0x00000007f1800000|  0%| F|  |TAMS 0x00000007f1700000, 0x00000007f1700000| Untracked 
| 280|0x00000007f1800000, 0x00000007f1800000, 0x00000007f1900000|  0%| F|  |TAMS 0x00000007f1800000, 0x00000007f1800000| Untracked 
| 281|0x00000007f1900000, 0x00000007f1900000, 0x00000007f1a00000|  0%| F|  |TAMS 0x00000007f1900000, 0x00000007f1900000| Untracked 
| 282|0x00000007f1a00000, 0x00000007f1a00000, 0x00000007f1b00000|  0%| F|  |TAMS 0x00000007f1a00000, 0x00000007f1a00000| Untracked 
| 283|0x00000007f1b00000, 0x00000007f1b00000, 0x00000007f1c00000|  0%| F|  |TAMS 0x00000007f1b00000, 0x00000007f1b00000| Untracked 
| 284|0x00000007f1c00000, 0x00000007f1c00000, 0x00000007f1d00000|  0%| F|  |TAMS 0x00000007f1c00000, 0x00000007f1c00000| Untracked 
| 285|0x00000007f1d00000, 0x00000007f1d00000, 0x00000007f1e00000|  0%| F|  |TAMS 0x00000007f1d00000, 0x00000007f1d00000| Untracked 
| 286|0x00000007f1e00000, 0x00000007f1e00000, 0x00000007f1f00000|  0%| F|  |TAMS 0x00000007f1e00000, 0x00000007f1e00000| Untracked 
| 287|0x00000007f1f00000, 0x00000007f1f00000, 0x00000007f2000000|  0%| F|  |TAMS 0x00000007f1f00000, 0x00000007f1f00000| Untracked 
| 288|0x00000007f2000000, 0x00000007f2000000, 0x00000007f2100000|  0%| F|  |TAMS 0x00000007f2000000, 0x00000007f2000000| Untracked 
| 289|0x00000007f2100000, 0x00000007f2100000, 0x00000007f2200000|  0%| F|  |TAMS 0x00000007f2100000, 0x00000007f2100000| Untracked 
| 290|0x00000007f2200000, 0x00000007f2200000, 0x00000007f2300000|  0%| F|  |TAMS 0x00000007f2200000, 0x00000007f2200000| Untracked 
| 291|0x00000007f2300000, 0x00000007f2300000, 0x00000007f2400000|  0%| F|  |TAMS 0x00000007f2300000, 0x00000007f2300000| Untracked 
| 292|0x00000007f2400000, 0x00000007f2400000, 0x00000007f2500000|  0%| F|  |TAMS 0x00000007f2400000, 0x00000007f2400000| Untracked 
| 293|0x00000007f2500000, 0x00000007f2500000, 0x00000007f2600000|  0%| F|  |TAMS 0x00000007f2500000, 0x00000007f2500000| Untracked 
| 294|0x00000007f2600000, 0x00000007f2600000, 0x00000007f2700000|  0%| F|  |TAMS 0x00000007f2600000, 0x00000007f2600000| Untracked 
| 295|0x00000007f2700000, 0x00000007f2700000, 0x00000007f2800000|  0%| F|  |TAMS 0x00000007f2700000, 0x00000007f2700000| Untracked 
| 296|0x00000007f2800000, 0x00000007f2800000, 0x00000007f2900000|  0%| F|  |TAMS 0x00000007f2800000, 0x00000007f2800000| Untracked 
| 297|0x00000007f2900000, 0x00000007f2900000, 0x00000007f2a00000|  0%| F|  |TAMS 0x00000007f2900000, 0x00000007f2900000| Untracked 
| 298|0x00000007f2a00000, 0x00000007f2a00000, 0x00000007f2b00000|  0%| F|  |TAMS 0x00000007f2a00000, 0x00000007f2a00000| Untracked 
| 299|0x00000007f2b00000, 0x00000007f2b00000, 0x00000007f2c00000|  0%| F|  |TAMS 0x00000007f2b00000, 0x00000007f2b00000| Untracked 
| 300|0x00000007f2c00000, 0x00000007f2c00000, 0x00000007f2d00000|  0%| F|  |TAMS 0x00000007f2c00000, 0x00000007f2c00000| Untracked 
| 301|0x00000007f2d00000, 0x00000007f2d00000, 0x00000007f2e00000|  0%| F|  |TAMS 0x00000007f2d00000, 0x00000007f2d00000| Untracked 
| 302|0x00000007f2e00000, 0x00000007f2e00000, 0x00000007f2f00000|  0%| F|  |TAMS 0x00000007f2e00000, 0x00000007f2e00000| Untracked 
| 303|0x00000007f2f00000, 0x00000007f2f00000, 0x00000007f3000000|  0%| F|  |TAMS 0x00000007f2f00000, 0x00000007f2f00000| Untracked 
| 304|0x00000007f3000000, 0x00000007f3000000, 0x00000007f3100000|  0%| F|  |TAMS 0x00000007f3000000, 0x00000007f3000000| Untracked 
| 305|0x00000007f3100000, 0x00000007f3100000, 0x00000007f3200000|  0%| F|  |TAMS 0x00000007f3100000, 0x00000007f3100000| Untracked 
| 306|0x00000007f3200000, 0x00000007f3200000, 0x00000007f3300000|  0%| F|  |TAMS 0x00000007f3200000, 0x00000007f3200000| Untracked 
| 307|0x00000007f3300000, 0x00000007f3300000, 0x00000007f3400000|  0%| F|  |TAMS 0x00000007f3300000, 0x00000007f3300000| Untracked 
| 308|0x00000007f3400000, 0x00000007f3400000, 0x00000007f3500000|  0%| F|  |TAMS 0x00000007f3400000, 0x00000007f3400000| Untracked 
| 309|0x00000007f3500000, 0x00000007f3500000, 0x00000007f3600000|  0%| F|  |TAMS 0x00000007f3500000, 0x00000007f3500000| Untracked 
| 310|0x00000007f3600000, 0x00000007f3600000, 0x00000007f3700000|  0%| F|  |TAMS 0x00000007f3600000, 0x00000007f3600000| Untracked 
| 311|0x00000007f3700000, 0x00000007f3700000, 0x00000007f3800000|  0%| F|  |TAMS 0x00000007f3700000, 0x00000007f3700000| Untracked 
| 312|0x00000007f3800000, 0x00000007f3800000, 0x00000007f3900000|  0%| F|  |TAMS 0x00000007f3800000, 0x00000007f3800000| Untracked 
| 313|0x00000007f3900000, 0x00000007f3900000, 0x00000007f3a00000|  0%| F|  |TAMS 0x00000007f3900000, 0x00000007f3900000| Untracked 
| 314|0x00000007f3a00000, 0x00000007f3a00000, 0x00000007f3b00000|  0%| F|  |TAMS 0x00000007f3a00000, 0x00000007f3a00000| Untracked 
| 315|0x00000007f3b00000, 0x00000007f3b00000, 0x00000007f3c00000|  0%| F|  |TAMS 0x00000007f3b00000, 0x00000007f3b00000| Untracked 
| 316|0x00000007f3c00000, 0x00000007f3c00000, 0x00000007f3d00000|  0%| F|  |TAMS 0x00000007f3c00000, 0x00000007f3c00000| Untracked 
| 317|0x00000007f3d00000, 0x00000007f3d00000, 0x00000007f3e00000|  0%| F|  |TAMS 0x00000007f3d00000, 0x00000007f3d00000| Untracked 
| 318|0x00000007f3e00000, 0x00000007f3e00000, 0x00000007f3f00000|  0%| F|  |TAMS 0x00000007f3e00000, 0x00000007f3e00000| Untracked 
| 319|0x00000007f3f00000, 0x00000007f3f00000, 0x00000007f4000000|  0%| F|  |TAMS 0x00000007f3f00000, 0x00000007f3f00000| Untracked 
| 320|0x00000007f4000000, 0x00000007f4000000, 0x00000007f4100000|  0%| F|  |TAMS 0x00000007f4000000, 0x00000007f4000000| Untracked 
| 321|0x00000007f4100000, 0x00000007f4100000, 0x00000007f4200000|  0%| F|  |TAMS 0x00000007f4100000, 0x00000007f4100000| Untracked 
| 322|0x00000007f4200000, 0x00000007f4200000, 0x00000007f4300000|  0%| F|  |TAMS 0x00000007f4200000, 0x00000007f4200000| Untracked 
| 323|0x00000007f4300000, 0x00000007f4300000, 0x00000007f4400000|  0%| F|  |TAMS 0x00000007f4300000, 0x00000007f4300000| Untracked 
| 324|0x00000007f4400000, 0x00000007f4400000, 0x00000007f4500000|  0%| F|  |TAMS 0x00000007f4400000, 0x00000007f4400000| Untracked 
| 325|0x00000007f4500000, 0x00000007f4500000, 0x00000007f4600000|  0%| F|  |TAMS 0x00000007f4500000, 0x00000007f4500000| Untracked 
| 326|0x00000007f4600000, 0x00000007f4600000, 0x00000007f4700000|  0%| F|  |TAMS 0x00000007f4600000, 0x00000007f4600000| Untracked 
| 327|0x00000007f4700000, 0x00000007f4700000, 0x00000007f4800000|  0%| F|  |TAMS 0x00000007f4700000, 0x00000007f4700000| Untracked 
| 328|0x00000007f4800000, 0x00000007f4800000, 0x00000007f4900000|  0%| F|  |TAMS 0x00000007f4800000, 0x00000007f4800000| Untracked 
| 329|0x00000007f4900000, 0x00000007f4900000, 0x00000007f4a00000|  0%| F|  |TAMS 0x00000007f4900000, 0x00000007f4900000| Untracked 
| 330|0x00000007f4a00000, 0x00000007f4a00000, 0x00000007f4b00000|  0%| F|  |TAMS 0x00000007f4a00000, 0x00000007f4a00000| Untracked 
| 331|0x00000007f4b00000, 0x00000007f4b00000, 0x00000007f4c00000|  0%| F|  |TAMS 0x00000007f4b00000, 0x00000007f4b00000| Untracked 
| 332|0x00000007f4c00000, 0x00000007f4c00000, 0x00000007f4d00000|  0%| F|  |TAMS 0x00000007f4c00000, 0x00000007f4c00000| Untracked 
| 333|0x00000007f4d00000, 0x00000007f4d00000, 0x00000007f4e00000|  0%| F|  |TAMS 0x00000007f4d00000, 0x00000007f4d00000| Untracked 
| 334|0x00000007f4e00000, 0x00000007f4e00000, 0x00000007f4f00000|  0%| F|  |TAMS 0x00000007f4e00000, 0x00000007f4e00000| Untracked 
| 335|0x00000007f4f00000, 0x00000007f4f00000, 0x00000007f5000000|  0%| F|  |TAMS 0x00000007f4f00000, 0x00000007f4f00000| Untracked 
| 336|0x00000007f5000000, 0x00000007f5000000, 0x00000007f5100000|  0%| F|  |TAMS 0x00000007f5000000, 0x00000007f5000000| Untracked 
| 337|0x00000007f5100000, 0x00000007f5100000, 0x00000007f5200000|  0%| F|  |TAMS 0x00000007f5100000, 0x00000007f5100000| Untracked 
| 338|0x00000007f5200000, 0x00000007f5200000, 0x00000007f5300000|  0%| F|  |TAMS 0x00000007f5200000, 0x00000007f5200000| Untracked 
| 339|0x00000007f5300000, 0x00000007f5300000, 0x00000007f5400000|  0%| F|  |TAMS 0x00000007f5300000, 0x00000007f5300000| Untracked 
| 340|0x00000007f5400000, 0x00000007f5400000, 0x00000007f5500000|  0%| F|  |TAMS 0x00000007f5400000, 0x00000007f5400000| Untracked 
| 341|0x00000007f5500000, 0x00000007f5500000, 0x00000007f5600000|  0%| F|  |TAMS 0x00000007f5500000, 0x00000007f5500000| Untracked 
| 342|0x00000007f5600000, 0x00000007f5600000, 0x00000007f5700000|  0%| F|  |TAMS 0x00000007f5600000, 0x00000007f5600000| Untracked 
| 343|0x00000007f5700000, 0x00000007f5700000, 0x00000007f5800000|  0%| F|  |TAMS 0x00000007f5700000, 0x00000007f5700000| Untracked 
| 344|0x00000007f5800000, 0x00000007f5800000, 0x00000007f5900000|  0%| F|  |TAMS 0x00000007f5800000, 0x00000007f5800000| Untracked 
| 345|0x00000007f5900000, 0x00000007f5900000, 0x00000007f5a00000|  0%| F|  |TAMS 0x00000007f5900000, 0x00000007f5900000| Untracked 
| 346|0x00000007f5a00000, 0x00000007f5a00000, 0x00000007f5b00000|  0%| F|  |TAMS 0x00000007f5a00000, 0x00000007f5a00000| Untracked 
| 347|0x00000007f5b00000, 0x00000007f5b00000, 0x00000007f5c00000|  0%| F|  |TAMS 0x00000007f5b00000, 0x00000007f5b00000| Untracked 
| 348|0x00000007f5c00000, 0x00000007f5c00000, 0x00000007f5d00000|  0%| F|  |TAMS 0x00000007f5c00000, 0x00000007f5c00000| Untracked 
| 349|0x00000007f5d00000, 0x00000007f5d00000, 0x00000007f5e00000|  0%| F|  |TAMS 0x00000007f5d00000, 0x00000007f5d00000| Untracked 
| 350|0x00000007f5e00000, 0x00000007f5e00000, 0x00000007f5f00000|  0%| F|  |TAMS 0x00000007f5e00000, 0x00000007f5e00000| Untracked 
| 351|0x00000007f5f00000, 0x00000007f5f00000, 0x00000007f6000000|  0%| F|  |TAMS 0x00000007f5f00000, 0x00000007f5f00000| Untracked 
| 352|0x00000007f6000000, 0x00000007f6000000, 0x00000007f6100000|  0%| F|  |TAMS 0x00000007f6000000, 0x00000007f6000000| Untracked 
| 353|0x00000007f6100000, 0x00000007f6100000, 0x00000007f6200000|  0%| F|  |TAMS 0x00000007f6100000, 0x00000007f6100000| Untracked 
| 354|0x00000007f6200000, 0x00000007f6200000, 0x00000007f6300000|  0%| F|  |TAMS 0x00000007f6200000, 0x00000007f6200000| Untracked 
| 355|0x00000007f6300000, 0x00000007f6300000, 0x00000007f6400000|  0%| F|  |TAMS 0x00000007f6300000, 0x00000007f6300000| Untracked 
| 356|0x00000007f6400000, 0x00000007f6400000, 0x00000007f6500000|  0%| F|  |TAMS 0x00000007f6400000, 0x00000007f6400000| Untracked 
| 357|0x00000007f6500000, 0x00000007f6500000, 0x00000007f6600000|  0%| F|  |TAMS 0x00000007f6500000, 0x00000007f6500000| Untracked 
| 358|0x00000007f6600000, 0x00000007f6600000, 0x00000007f6700000|  0%| F|  |TAMS 0x00000007f6600000, 0x00000007f6600000| Untracked 
| 359|0x00000007f6700000, 0x00000007f6700000, 0x00000007f6800000|  0%| F|  |TAMS 0x00000007f6700000, 0x00000007f6700000| Untracked 
| 360|0x00000007f6800000, 0x00000007f6800000, 0x00000007f6900000|  0%| F|  |TAMS 0x00000007f6800000, 0x00000007f6800000| Untracked 
| 361|0x00000007f6900000, 0x00000007f6900000, 0x00000007f6a00000|  0%| F|  |TAMS 0x00000007f6900000, 0x00000007f6900000| Untracked 
| 362|0x00000007f6a00000, 0x00000007f6a00000, 0x00000007f6b00000|  0%| F|  |TAMS 0x00000007f6a00000, 0x00000007f6a00000| Untracked 
| 363|0x00000007f6b00000, 0x00000007f6b00000, 0x00000007f6c00000|  0%| F|  |TAMS 0x00000007f6b00000, 0x00000007f6b00000| Untracked 
| 364|0x00000007f6c00000, 0x00000007f6c00000, 0x00000007f6d00000|  0%| F|  |TAMS 0x00000007f6c00000, 0x00000007f6c00000| Untracked 
| 365|0x00000007f6d00000, 0x00000007f6d00000, 0x00000007f6e00000|  0%| F|  |TAMS 0x00000007f6d00000, 0x00000007f6d00000| Untracked 
| 366|0x00000007f6e00000, 0x00000007f6e00000, 0x00000007f6f00000|  0%| F|  |TAMS 0x00000007f6e00000, 0x00000007f6e00000| Untracked 
| 367|0x00000007f6f00000, 0x00000007f6f00000, 0x00000007f7000000|  0%| F|  |TAMS 0x00000007f6f00000, 0x00000007f6f00000| Untracked 
| 368|0x00000007f7000000, 0x00000007f7000000, 0x00000007f7100000|  0%| F|  |TAMS 0x00000007f7000000, 0x00000007f7000000| Untracked 
| 369|0x00000007f7100000, 0x00000007f7100000, 0x00000007f7200000|  0%| F|  |TAMS 0x00000007f7100000, 0x00000007f7100000| Untracked 
| 370|0x00000007f7200000, 0x00000007f7200000, 0x00000007f7300000|  0%| F|  |TAMS 0x00000007f7200000, 0x00000007f7200000| Untracked 
| 371|0x00000007f7300000, 0x00000007f7300000, 0x00000007f7400000|  0%| F|  |TAMS 0x00000007f7300000, 0x00000007f7300000| Untracked 
| 372|0x00000007f7400000, 0x00000007f7400000, 0x00000007f7500000|  0%| F|  |TAMS 0x00000007f7400000, 0x00000007f7400000| Untracked 
| 373|0x00000007f7500000, 0x00000007f7500000, 0x00000007f7600000|  0%| F|  |TAMS 0x00000007f7500000, 0x00000007f7500000| Untracked 
| 374|0x00000007f7600000, 0x00000007f7600000, 0x00000007f7700000|  0%| F|  |TAMS 0x00000007f7600000, 0x00000007f7600000| Untracked 
| 375|0x00000007f7700000, 0x00000007f7700000, 0x00000007f7800000|  0%| F|  |TAMS 0x00000007f7700000, 0x00000007f7700000| Untracked 
| 376|0x00000007f7800000, 0x00000007f7800000, 0x00000007f7900000|  0%| F|  |TAMS 0x00000007f7800000, 0x00000007f7800000| Untracked 
| 377|0x00000007f7900000, 0x00000007f7900000, 0x00000007f7a00000|  0%| F|  |TAMS 0x00000007f7900000, 0x00000007f7900000| Untracked 
| 378|0x00000007f7a00000, 0x00000007f7a00000, 0x00000007f7b00000|  0%| F|  |TAMS 0x00000007f7a00000, 0x00000007f7a00000| Untracked 
| 379|0x00000007f7b00000, 0x00000007f7b00000, 0x00000007f7c00000|  0%| F|  |TAMS 0x00000007f7b00000, 0x00000007f7b00000| Untracked 
| 380|0x00000007f7c00000, 0x00000007f7c00000, 0x00000007f7d00000|  0%| F|  |TAMS 0x00000007f7c00000, 0x00000007f7c00000| Untracked 
| 381|0x00000007f7d00000, 0x00000007f7d00000, 0x00000007f7e00000|  0%| F|  |TAMS 0x00000007f7d00000, 0x00000007f7d00000| Untracked 
| 382|0x00000007f7e00000, 0x00000007f7e00000, 0x00000007f7f00000|  0%| F|  |TAMS 0x00000007f7e00000, 0x00000007f7e00000| Untracked 
| 383|0x00000007f7f00000, 0x00000007f7f00000, 0x00000007f8000000|  0%| F|  |TAMS 0x00000007f7f00000, 0x00000007f7f00000| Untracked 
| 384|0x00000007f8000000, 0x00000007f8000000, 0x00000007f8100000|  0%| F|  |TAMS 0x00000007f8000000, 0x00000007f8000000| Untracked 
| 385|0x00000007f8100000, 0x00000007f8100000, 0x00000007f8200000|  0%| F|  |TAMS 0x00000007f8100000, 0x00000007f8100000| Untracked 
| 386|0x00000007f8200000, 0x00000007f8200000, 0x00000007f8300000|  0%| F|  |TAMS 0x00000007f8200000, 0x00000007f8200000| Untracked 
| 387|0x00000007f8300000, 0x00000007f8300000, 0x00000007f8400000|  0%| F|  |TAMS 0x00000007f8300000, 0x00000007f8300000| Untracked 
| 388|0x00000007f8400000, 0x00000007f8400000, 0x00000007f8500000|  0%| F|  |TAMS 0x00000007f8400000, 0x00000007f8400000| Untracked 
| 389|0x00000007f8500000, 0x00000007f8500000, 0x00000007f8600000|  0%| F|  |TAMS 0x00000007f8500000, 0x00000007f8500000| Untracked 
| 390|0x00000007f8600000, 0x00000007f8600000, 0x00000007f8700000|  0%| F|  |TAMS 0x00000007f8600000, 0x00000007f8600000| Untracked 
| 391|0x00000007f8700000, 0x00000007f8700000, 0x00000007f8800000|  0%| F|  |TAMS 0x00000007f8700000, 0x00000007f8700000| Untracked 
| 392|0x00000007f8800000, 0x00000007f8800000, 0x00000007f8900000|  0%| F|  |TAMS 0x00000007f8800000, 0x00000007f8800000| Untracked 
| 393|0x00000007f8900000, 0x00000007f8900000, 0x00000007f8a00000|  0%| F|  |TAMS 0x00000007f8900000, 0x00000007f8900000| Untracked 
| 394|0x00000007f8a00000, 0x00000007f8a00000, 0x00000007f8b00000|  0%| F|  |TAMS 0x00000007f8a00000, 0x00000007f8a00000| Untracked 
| 395|0x00000007f8b00000, 0x00000007f8b00000, 0x00000007f8c00000|  0%| F|  |TAMS 0x00000007f8b00000, 0x00000007f8b00000| Untracked 
| 396|0x00000007f8c00000, 0x00000007f8c00000, 0x00000007f8d00000|  0%| F|  |TAMS 0x00000007f8c00000, 0x00000007f8c00000| Untracked 
| 397|0x00000007f8d00000, 0x00000007f8d00000, 0x00000007f8e00000|  0%| F|  |TAMS 0x00000007f8d00000, 0x00000007f8d00000| Untracked 
| 398|0x00000007f8e00000, 0x00000007f8e00000, 0x00000007f8f00000|  0%| F|  |TAMS 0x00000007f8e00000, 0x00000007f8e00000| Untracked 
| 399|0x00000007f8f00000, 0x00000007f8f00000, 0x00000007f9000000|  0%| F|  |TAMS 0x00000007f8f00000, 0x00000007f8f00000| Untracked 
| 400|0x00000007f9000000, 0x00000007f9000000, 0x00000007f9100000|  0%| F|  |TAMS 0x00000007f9000000, 0x00000007f9000000| Untracked 
| 401|0x00000007f9100000, 0x00000007f9100000, 0x00000007f9200000|  0%| F|  |TAMS 0x00000007f9100000, 0x00000007f9100000| Untracked 
| 402|0x00000007f9200000, 0x00000007f9200000, 0x00000007f9300000|  0%| F|  |TAMS 0x00000007f9200000, 0x00000007f9200000| Untracked 
| 403|0x00000007f9300000, 0x00000007f9300000, 0x00000007f9400000|  0%| F|  |TAMS 0x00000007f9300000, 0x00000007f9300000| Untracked 
| 404|0x00000007f9400000, 0x00000007f9400000, 0x00000007f9500000|  0%| F|  |TAMS 0x00000007f9400000, 0x00000007f9400000| Untracked 
| 405|0x00000007f9500000, 0x00000007f9500000, 0x00000007f9600000|  0%| F|  |TAMS 0x00000007f9500000, 0x00000007f9500000| Untracked 
| 406|0x00000007f9600000, 0x00000007f9600000, 0x00000007f9700000|  0%| F|  |TAMS 0x00000007f9600000, 0x00000007f9600000| Untracked 
| 407|0x00000007f9700000, 0x00000007f9700000, 0x00000007f9800000|  0%| F|  |TAMS 0x00000007f9700000, 0x00000007f9700000| Untracked 
| 408|0x00000007f9800000, 0x00000007f9800000, 0x00000007f9900000|  0%| F|  |TAMS 0x00000007f9800000, 0x00000007f9800000| Untracked 
| 409|0x00000007f9900000, 0x00000007f9900000, 0x00000007f9a00000|  0%| F|  |TAMS 0x00000007f9900000, 0x00000007f9900000| Untracked 
| 410|0x00000007f9a00000, 0x00000007f9a00000, 0x00000007f9b00000|  0%| F|  |TAMS 0x00000007f9a00000, 0x00000007f9a00000| Untracked 
| 411|0x00000007f9b00000, 0x00000007f9b00000, 0x00000007f9c00000|  0%| F|  |TAMS 0x00000007f9b00000, 0x00000007f9b00000| Untracked 
| 412|0x00000007f9c00000, 0x00000007f9c00000, 0x00000007f9d00000|  0%| F|  |TAMS 0x00000007f9c00000, 0x00000007f9c00000| Untracked 
| 413|0x00000007f9d00000, 0x00000007f9d00000, 0x00000007f9e00000|  0%| F|  |TAMS 0x00000007f9d00000, 0x00000007f9d00000| Untracked 
| 414|0x00000007f9e00000, 0x00000007f9e00000, 0x00000007f9f00000|  0%| F|  |TAMS 0x00000007f9e00000, 0x00000007f9e00000| Untracked 
| 415|0x00000007f9f00000, 0x00000007f9f00000, 0x00000007fa000000|  0%| F|  |TAMS 0x00000007f9f00000, 0x00000007f9f00000| Untracked 
| 416|0x00000007fa000000, 0x00000007fa000000, 0x00000007fa100000|  0%| F|  |TAMS 0x00000007fa000000, 0x00000007fa000000| Untracked 
| 417|0x00000007fa100000, 0x00000007fa100000, 0x00000007fa200000|  0%| F|  |TAMS 0x00000007fa100000, 0x00000007fa100000| Untracked 
| 418|0x00000007fa200000, 0x00000007fa200000, 0x00000007fa300000|  0%| F|  |TAMS 0x00000007fa200000, 0x00000007fa200000| Untracked 
| 419|0x00000007fa300000, 0x00000007fa300000, 0x00000007fa400000|  0%| F|  |TAMS 0x00000007fa300000, 0x00000007fa300000| Untracked 
| 420|0x00000007fa400000, 0x00000007fa400000, 0x00000007fa500000|  0%| F|  |TAMS 0x00000007fa400000, 0x00000007fa400000| Untracked 
| 421|0x00000007fa500000, 0x00000007fa500000, 0x00000007fa600000|  0%| F|  |TAMS 0x00000007fa500000, 0x00000007fa500000| Untracked 
| 422|0x00000007fa600000, 0x00000007fa600000, 0x00000007fa700000|  0%| F|  |TAMS 0x00000007fa600000, 0x00000007fa600000| Untracked 
| 423|0x00000007fa700000, 0x00000007fa700000, 0x00000007fa800000|  0%| F|  |TAMS 0x00000007fa700000, 0x00000007fa700000| Untracked 
| 424|0x00000007fa800000, 0x00000007fa800000, 0x00000007fa900000|  0%| F|  |TAMS 0x00000007fa800000, 0x00000007fa800000| Untracked 
| 425|0x00000007fa900000, 0x00000007fa900000, 0x00000007faa00000|  0%| F|  |TAMS 0x00000007fa900000, 0x00000007fa900000| Untracked 
| 426|0x00000007faa00000, 0x00000007faa00000, 0x00000007fab00000|  0%| F|  |TAMS 0x00000007faa00000, 0x00000007faa00000| Untracked 
| 427|0x00000007fab00000, 0x00000007fab00000, 0x00000007fac00000|  0%| F|  |TAMS 0x00000007fab00000, 0x00000007fab00000| Untracked 
| 428|0x00000007fac00000, 0x00000007fac00000, 0x00000007fad00000|  0%| F|  |TAMS 0x00000007fac00000, 0x00000007fac00000| Untracked 
| 429|0x00000007fad00000, 0x00000007fad00000, 0x00000007fae00000|  0%| F|  |TAMS 0x00000007fad00000, 0x00000007fad00000| Untracked 
| 430|0x00000007fae00000, 0x00000007fae00000, 0x00000007faf00000|  0%| F|  |TAMS 0x00000007fae00000, 0x00000007fae00000| Untracked 
| 431|0x00000007faf00000, 0x00000007faf00000, 0x00000007fb000000|  0%| F|  |TAMS 0x00000007faf00000, 0x00000007faf00000| Untracked 
| 432|0x00000007fb000000, 0x00000007fb000000, 0x00000007fb100000|  0%| F|  |TAMS 0x00000007fb000000, 0x00000007fb000000| Untracked 
| 433|0x00000007fb100000, 0x00000007fb100000, 0x00000007fb200000|  0%| F|  |TAMS 0x00000007fb100000, 0x00000007fb100000| Untracked 
| 434|0x00000007fb200000, 0x00000007fb200000, 0x00000007fb300000|  0%| F|  |TAMS 0x00000007fb200000, 0x00000007fb200000| Untracked 
| 435|0x00000007fb300000, 0x00000007fb300000, 0x00000007fb400000|  0%| F|  |TAMS 0x00000007fb300000, 0x00000007fb300000| Untracked 
| 436|0x00000007fb400000, 0x00000007fb400000, 0x00000007fb500000|  0%| F|  |TAMS 0x00000007fb400000, 0x00000007fb400000| Untracked 
| 437|0x00000007fb500000, 0x00000007fb500000, 0x00000007fb600000|  0%| F|  |TAMS 0x00000007fb500000, 0x00000007fb500000| Untracked 
| 438|0x00000007fb600000, 0x00000007fb600000, 0x00000007fb700000|  0%| F|  |TAMS 0x00000007fb600000, 0x00000007fb600000| Untracked 
| 439|0x00000007fb700000, 0x00000007fb700000, 0x00000007fb800000|  0%| F|  |TAMS 0x00000007fb700000, 0x00000007fb700000| Untracked 
| 440|0x00000007fb800000, 0x00000007fb800000, 0x00000007fb900000|  0%| F|  |TAMS 0x00000007fb800000, 0x00000007fb800000| Untracked 
| 441|0x00000007fb900000, 0x00000007fb900000, 0x00000007fba00000|  0%| F|  |TAMS 0x00000007fb900000, 0x00000007fb900000| Untracked 
| 442|0x00000007fba00000, 0x00000007fba00000, 0x00000007fbb00000|  0%| F|  |TAMS 0x00000007fba00000, 0x00000007fba00000| Untracked 
| 443|0x00000007fbb00000, 0x00000007fbb00000, 0x00000007fbc00000|  0%| F|  |TAMS 0x00000007fbb00000, 0x00000007fbb00000| Untracked 
| 444|0x00000007fbc00000, 0x00000007fbc00000, 0x00000007fbd00000|  0%| F|  |TAMS 0x00000007fbc00000, 0x00000007fbc00000| Untracked 
| 445|0x00000007fbd00000, 0x00000007fbd00000, 0x00000007fbe00000|  0%| F|  |TAMS 0x00000007fbd00000, 0x00000007fbd00000| Untracked 
| 446|0x00000007fbe00000, 0x00000007fbe00000, 0x00000007fbf00000|  0%| F|  |TAMS 0x00000007fbe00000, 0x00000007fbe00000| Untracked 
| 447|0x00000007fbf00000, 0x00000007fbf00000, 0x00000007fc000000|  0%| F|  |TAMS 0x00000007fbf00000, 0x00000007fbf00000| Untracked 
| 448|0x00000007fc000000, 0x00000007fc000000, 0x00000007fc100000|  0%| F|  |TAMS 0x00000007fc000000, 0x00000007fc000000| Untracked 
| 449|0x00000007fc100000, 0x00000007fc100000, 0x00000007fc200000|  0%| F|  |TAMS 0x00000007fc100000, 0x00000007fc100000| Untracked 
| 450|0x00000007fc200000, 0x00000007fc200000, 0x00000007fc300000|  0%| F|  |TAMS 0x00000007fc200000, 0x00000007fc200000| Untracked 
| 451|0x00000007fc300000, 0x00000007fc300000, 0x00000007fc400000|  0%| F|  |TAMS 0x00000007fc300000, 0x00000007fc300000| Untracked 
| 452|0x00000007fc400000, 0x00000007fc400000, 0x00000007fc500000|  0%| F|  |TAMS 0x00000007fc400000, 0x00000007fc400000| Untracked 
| 453|0x00000007fc500000, 0x00000007fc500000, 0x00000007fc600000|  0%| F|  |TAMS 0x00000007fc500000, 0x00000007fc500000| Untracked 
| 454|0x00000007fc600000, 0x00000007fc600000, 0x00000007fc700000|  0%| F|  |TAMS 0x00000007fc600000, 0x00000007fc600000| Untracked 
| 455|0x00000007fc700000, 0x00000007fc700000, 0x00000007fc800000|  0%| F|  |TAMS 0x00000007fc700000, 0x00000007fc700000| Untracked 
| 456|0x00000007fc800000, 0x00000007fc800000, 0x00000007fc900000|  0%| F|  |TAMS 0x00000007fc800000, 0x00000007fc800000| Untracked 
| 457|0x00000007fc900000, 0x00000007fc900000, 0x00000007fca00000|  0%| F|  |TAMS 0x00000007fc900000, 0x00000007fc900000| Untracked 
| 458|0x00000007fca00000, 0x00000007fca00000, 0x00000007fcb00000|  0%| F|  |TAMS 0x00000007fca00000, 0x00000007fca00000| Untracked 
| 459|0x00000007fcb00000, 0x00000007fcb00000, 0x00000007fcc00000|  0%| F|  |TAMS 0x00000007fcb00000, 0x00000007fcb00000| Untracked 
| 460|0x00000007fcc00000, 0x00000007fcc00000, 0x00000007fcd00000|  0%| F|  |TAMS 0x00000007fcc00000, 0x00000007fcc00000| Untracked 
| 461|0x00000007fcd00000, 0x00000007fcd00000, 0x00000007fce00000|  0%| F|  |TAMS 0x00000007fcd00000, 0x00000007fcd00000| Untracked 
| 462|0x00000007fce00000, 0x00000007fce00000, 0x00000007fcf00000|  0%| F|  |TAMS 0x00000007fce00000, 0x00000007fce00000| Untracked 
| 463|0x00000007fcf00000, 0x00000007fcf00000, 0x00000007fd000000|  0%| F|  |TAMS 0x00000007fcf00000, 0x00000007fcf00000| Untracked 
| 464|0x00000007fd000000, 0x00000007fd000000, 0x00000007fd100000|  0%| F|  |TAMS 0x00000007fd000000, 0x00000007fd000000| Untracked 
| 465|0x00000007fd100000, 0x00000007fd100000, 0x00000007fd200000|  0%| F|  |TAMS 0x00000007fd100000, 0x00000007fd100000| Untracked 
| 466|0x00000007fd200000, 0x00000007fd200000, 0x00000007fd300000|  0%| F|  |TAMS 0x00000007fd200000, 0x00000007fd200000| Untracked 
| 467|0x00000007fd300000, 0x00000007fd300000, 0x00000007fd400000|  0%| F|  |TAMS 0x00000007fd300000, 0x00000007fd300000| Untracked 
| 468|0x00000007fd400000, 0x00000007fd400000, 0x00000007fd500000|  0%| F|  |TAMS 0x00000007fd400000, 0x00000007fd400000| Untracked 
| 469|0x00000007fd500000, 0x00000007fd500000, 0x00000007fd600000|  0%| F|  |TAMS 0x00000007fd500000, 0x00000007fd500000| Untracked 
| 470|0x00000007fd600000, 0x00000007fd600000, 0x00000007fd700000|  0%| F|  |TAMS 0x00000007fd600000, 0x00000007fd600000| Untracked 
| 471|0x00000007fd700000, 0x00000007fd700000, 0x00000007fd800000|  0%| F|  |TAMS 0x00000007fd700000, 0x00000007fd700000| Untracked 
| 472|0x00000007fd800000, 0x00000007fd800000, 0x00000007fd900000|  0%| F|  |TAMS 0x00000007fd800000, 0x00000007fd800000| Untracked 
| 473|0x00000007fd900000, 0x00000007fd900000, 0x00000007fda00000|  0%| F|  |TAMS 0x00000007fd900000, 0x00000007fd900000| Untracked 
| 474|0x00000007fda00000, 0x00000007fda00000, 0x00000007fdb00000|  0%| F|  |TAMS 0x00000007fda00000, 0x00000007fda00000| Untracked 
| 475|0x00000007fdb00000, 0x00000007fdb00000, 0x00000007fdc00000|  0%| F|  |TAMS 0x00000007fdb00000, 0x00000007fdb00000| Untracked 
| 476|0x00000007fdc00000, 0x00000007fdc00000, 0x00000007fdd00000|  0%| F|  |TAMS 0x00000007fdc00000, 0x00000007fdc00000| Untracked 
| 477|0x00000007fdd00000, 0x00000007fdd00000, 0x00000007fde00000|  0%| F|  |TAMS 0x00000007fdd00000, 0x00000007fdd00000| Untracked 
| 478|0x00000007fde00000, 0x00000007fde00000, 0x00000007fdf00000|  0%| F|  |TAMS 0x00000007fde00000, 0x00000007fde00000| Untracked 
| 479|0x00000007fdf00000, 0x00000007fdf00000, 0x00000007fe000000|  0%| F|  |TAMS 0x00000007fdf00000, 0x00000007fdf00000| Untracked 
| 480|0x00000007fe000000, 0x00000007fe000000, 0x00000007fe100000|  0%| F|  |TAMS 0x00000007fe000000, 0x00000007fe000000| Untracked 
| 481|0x00000007fe100000, 0x00000007fe100000, 0x00000007fe200000|  0%| F|  |TAMS 0x00000007fe100000, 0x00000007fe100000| Untracked 
| 482|0x00000007fe200000, 0x00000007fe200000, 0x00000007fe300000|  0%| F|  |TAMS 0x00000007fe200000, 0x00000007fe200000| Untracked 
| 483|0x00000007fe300000, 0x00000007fe300000, 0x00000007fe400000|  0%| F|  |TAMS 0x00000007fe300000, 0x00000007fe300000| Untracked 
| 484|0x00000007fe400000, 0x00000007fe400000, 0x00000007fe500000|  0%| F|  |TAMS 0x00000007fe400000, 0x00000007fe400000| Untracked 
| 485|0x00000007fe500000, 0x00000007fe500000, 0x00000007fe600000|  0%| F|  |TAMS 0x00000007fe500000, 0x00000007fe500000| Untracked 
| 486|0x00000007fe600000, 0x00000007fe600000, 0x00000007fe700000|  0%| F|  |TAMS 0x00000007fe600000, 0x00000007fe600000| Untracked 
| 487|0x00000007fe700000, 0x00000007fe700000, 0x00000007fe800000|  0%| F|  |TAMS 0x00000007fe700000, 0x00000007fe700000| Untracked 
| 488|0x00000007fe800000, 0x00000007fe800000, 0x00000007fe900000|  0%| F|  |TAMS 0x00000007fe800000, 0x00000007fe800000| Untracked 
| 489|0x00000007fe900000, 0x00000007fe900000, 0x00000007fea00000|  0%| F|  |TAMS 0x00000007fe900000, 0x00000007fe900000| Untracked 
| 490|0x00000007fea00000, 0x00000007fea00000, 0x00000007feb00000|  0%| F|  |TAMS 0x00000007fea00000, 0x00000007fea00000| Untracked 
| 491|0x00000007feb00000, 0x00000007feb00000, 0x00000007fec00000|  0%| F|  |TAMS 0x00000007feb00000, 0x00000007feb00000| Untracked 
| 492|0x00000007fec00000, 0x00000007fec00000, 0x00000007fed00000|  0%| F|  |TAMS 0x00000007fec00000, 0x00000007fec00000| Untracked 
| 493|0x00000007fed00000, 0x00000007fed00000, 0x00000007fee00000|  0%| F|  |TAMS 0x00000007fed00000, 0x00000007fed00000| Untracked 
| 494|0x00000007fee00000, 0x00000007fee00000, 0x00000007fef00000|  0%| F|  |TAMS 0x00000007fee00000, 0x00000007fee00000| Untracked 
| 495|0x00000007fef00000, 0x00000007fef00000, 0x00000007ff000000|  0%| F|  |TAMS 0x00000007fef00000, 0x00000007fef00000| Untracked 
| 496|0x00000007ff000000, 0x00000007ff100000, 0x00000007ff100000|100%| E|  |TAMS 0x00000007ff000000, 0x00000007ff000000| Complete 
| 497|0x00000007ff100000, 0x00000007ff200000, 0x00000007ff200000|100%| E|CS|TAMS 0x00000007ff100000, 0x00000007ff100000| Complete 
| 498|0x00000007ff200000, 0x00000007ff300000, 0x00000007ff300000|100%| E|CS|TAMS 0x00000007ff200000, 0x00000007ff200000| Complete 
| 499|0x00000007ff300000, 0x00000007ff400000, 0x00000007ff400000|100%| E|CS|TAMS 0x00000007ff300000, 0x00000007ff300000| Complete 
| 500|0x00000007ff400000, 0x00000007ff500000, 0x00000007ff500000|100%| E|CS|TAMS 0x00000007ff400000, 0x00000007ff400000| Complete 
| 501|0x00000007ff500000, 0x00000007ff600000, 0x00000007ff600000|100%| E|CS|TAMS 0x00000007ff500000, 0x00000007ff500000| Complete 
| 502|0x00000007ff600000, 0x00000007ff700000, 0x00000007ff700000|100%| E|CS|TAMS 0x00000007ff600000, 0x00000007ff600000| Complete 
| 503|0x00000007ff700000, 0x00000007ff800000, 0x00000007ff800000|100%| E|CS|TAMS 0x00000007ff700000, 0x00000007ff700000| Complete 
| 504|0x00000007ff800000, 0x00000007ff900000, 0x00000007ff900000|100%| E|CS|TAMS 0x00000007ff800000, 0x00000007ff800000| Complete 
| 505|0x00000007ff900000, 0x00000007ffa00000, 0x00000007ffa00000|100%| E|CS|TAMS 0x00000007ff900000, 0x00000007ff900000| Complete 
| 506|0x00000007ffa00000, 0x00000007ffb00000, 0x00000007ffb00000|100%| E|CS|TAMS 0x00000007ffa00000, 0x00000007ffa00000| Complete 
| 507|0x00000007ffb00000, 0x00000007ffc00000, 0x00000007ffc00000|100%| E|CS|TAMS 0x00000007ffb00000, 0x00000007ffb00000| Complete 
| 508|0x00000007ffc00000, 0x00000007ffd00000, 0x00000007ffd00000|100%| E|CS|TAMS 0x00000007ffc00000, 0x00000007ffc00000| Complete 
| 509|0x00000007ffd00000, 0x00000007ffe00000, 0x00000007ffe00000|100%| E|CS|TAMS 0x00000007ffd00000, 0x00000007ffd00000| Complete 
| 510|0x00000007ffe00000, 0x00000007fff00000, 0x00000007fff00000|100%| E|CS|TAMS 0x00000007ffe00000, 0x00000007ffe00000| Complete 
| 511|0x00000007fff00000, 0x0000000800000000, 0x0000000800000000|100%| E|CS|TAMS 0x00000007fff00000, 0x00000007fff00000| Complete 

Card table byte_map: [0x0000000112ad6000,0x0000000112bd6000] _byte_map_base: 0x000000010ebd6000

Marking Bits (Prev, Next): (CMBitMap*) 0x00007fee0902ae10, (CMBitMap*) 0x00007fee0902ae50
 Prev Bits: [0x0000000112cd6000, 0x00000001134d6000)
 Next Bits: [0x000000012b4f1000, 0x000000012bcf1000)

Polling page: 0x000000010c6a4000

Metaspace:

Usage:
  Non-class:     11.66 MB used.
      Class:      1.40 MB used.
       Both:     13.06 MB used.

Virtual space:
  Non-class space:       64.00 MB reserved,      11.75 MB ( 18%) committed,  1 nodes.
      Class space:        1.00 GB reserved,       1.50 MB ( <1%) committed,  1 nodes.
             Both:        1.06 GB reserved,      13.25 MB (  1%) committed. 

Chunk freelists:
   Non-Class:  4.11 MB
       Class:  14.48 MB
        Both:  18.59 MB

MaxMetaspaceSize: unlimited
CompressedClassSpaceSize: 1.00 GB
Initial GC threshold: 21.00 MB
Current GC threshold: 21.00 MB
CDS: off
MetaspaceReclaimPolicy: balanced
 - commit_granule_bytes: 65536.
 - commit_granule_words: 8192.
 - virtual_space_node_default_size: 8388608.
 - enlarge_chunks_in_place: 1.
 - new_chunks_are_fully_committed: 0.
 - uncommit_free_chunks: 1.
 - use_allocation_guard: 0.
 - handle_deallocations: 1.


Internal statistics:

num_allocs_failed_limit: 0.
num_arena_births: 74.
num_arena_deaths: 0.
num_vsnodes_births: 2.
num_vsnodes_deaths: 0.
num_space_committed: 212.
num_space_uncommitted: 0.
num_chunks_returned_to_freelist: 0.
num_chunks_taken_from_freelist: 211.
num_chunk_merges: 0.
num_chunk_splits: 124.
num_chunks_enlarged: 84.
num_inconsistent_stats: 0.

CodeHeap 'non-profiled nmethods': size=120028Kb used=246Kb max_used=246Kb free=119781Kb
 bounds [0x0000000123fba000, 0x000000012422a000, 0x000000012b4f1000]
CodeHeap 'profiled nmethods': size=120028Kb used=1627Kb max_used=1627Kb free=118400Kb
 bounds [0x000000011c4f1000, 0x000000011c761000, 0x0000000123a28000]
CodeHeap 'non-nmethods': size=5704Kb used=1146Kb max_used=1162Kb free=4558Kb
 bounds [0x0000000123a28000, 0x0000000123c98000, 0x0000000123fba000]
 total_blobs=1322 nmethods=883 adapters=353
 compilation: enabled
              stopped_count=0, restarted_count=0
 full_count=0

Compilation events (20 events):
Event: 0.505 Thread 0x00007fedf986be00 nmethod 821 0x000000011c65ad10 code [0x000000011c65b080, 0x000000011c65c3c0]
Event: 0.505 Thread 0x00007fedf986be00  824       3       java.lang.invoke.MethodTypeForm::canonicalizeAll (63 bytes)
Event: 0.505 Thread 0x00007fedf986be00 nmethod 824 0x000000011c65cb10 code [0x000000011c65cd00, 0x000000011c65d350]
Event: 0.505 Thread 0x00007fedf986be00  822       3       java.lang.invoke.MethodType::toMethodDescriptorString (28 bytes)
Event: 0.505 Thread 0x00007fedf986be00 nmethod 822 0x000000011c65d510 code [0x000000011c65d6c0, 0x000000011c65d8a0]
Event: 0.505 Thread 0x00007fedf986be00  823       3       java.lang.reflect.Modifier::isFinal (13 bytes)
Event: 0.505 Thread 0x00007fedf986be00 nmethod 823 0x000000011c65d990 code [0x000000011c65db20, 0x000000011c65dc50]
Event: 0.506 Thread 0x00007fedf986b800 nmethod 810 0x0000000123ff4e10 code [0x0000000123ff4fa0, 0x0000000123ff52b8]
Event: 0.506 Thread 0x00007fedf986b800  809   !   4       java.util.jar.JarFile::checkForSpecialAttributes (163 bytes)
Event: 0.508 Thread 0x00007fedf986be00  828       1       java.net.URL::getUserInfo (5 bytes)
Event: 0.508 Thread 0x00007fedf986be00 nmethod 828 0x0000000123ff5590 code [0x0000000123ff5720, 0x0000000123ff57f0]
Event: 0.508 Thread 0x00007fedf986be00  829       3       java.lang.ClassLoader::preDefineClass (118 bytes)
Event: 0.509 Thread 0x00007fedf986be00 nmethod 829 0x000000011c65dd10 code [0x000000011c65e080, 0x000000011c65f2f0]
Event: 0.509 Thread 0x00007fedf986be00  835   !   3       jdk.internal.loader.Resource::getBytes (244 bytes)
Event: 0.510 Thread 0x00007fedf986be00 nmethod 835 0x000000011c65fa10 code [0x000000011c65fd20, 0x000000011c661140]
Event: 0.510 Thread 0x00007fedf986be00  840  s    3       jdk.internal.loader.Resource::cachedInputStream (20 bytes)
Event: 0.511 Thread 0x00007fedf986be00 nmethod 840 0x000000011c661a10 code [0x000000011c661bc0, 0x000000011c661ee0]
Event: 0.511 Thread 0x00007fedf986be00  833       3       java.lang.ClassLoader::getNamedPackage (73 bytes)
Event: 0.511 Thread 0x00007fedf986be00 nmethod 833 0x000000011c661f90 code [0x000000011c662180, 0x000000011c6626c0]
Event: 0.511 Thread 0x00007fedf986be00  830       3       java.lang.ClassLoader::checkCerts (121 bytes)

GC Heap History (0 events):
No events

Dll operation events (7 events):
Event: 0.009 Loaded shared library /Users/dantezhang/Library/Java/JavaVirtualMachines/jdk-17.0.20.jdk/Contents/Home/lib/libjava.dylib
Event: 0.129 Loaded shared library /Users/dantezhang/Library/Java/JavaVirtualMachines/jdk-17.0.20.jdk/Contents/Home/lib/libnio.dylib
Event: 0.137 Loaded shared library /Users/dantezhang/Library/Java/JavaVirtualMachines/jdk-17.0.20.jdk/Contents/Home/lib/libzip.dylib
Event: 0.199 Loaded shared library /Users/dantezhang/Library/Java/JavaVirtualMachines/jdk-17.0.20.jdk/Contents/Home/lib/libverify.dylib
Event: 0.204 Loaded shared library /Users/dantezhang/Library/Java/JavaVirtualMachines/jdk-17.0.20.jdk/Contents/Home/lib/libjimage.dylib
Event: 0.241 Loaded shared library /Users/dantezhang/Library/Java/JavaVirtualMachines/jdk-17.0.20.jdk/Contents/Home/lib/libnet.dylib
Event: 0.424 Loaded shared library /Users/dantezhang/Library/Java/JavaVirtualMachines/jdk-17.0.20.jdk/Contents/Home/lib/libextnet.dylib

Deoptimization events (20 events):
Event: 0.197 Thread 0x00007fee09008200 DEOPT PACKING pc=0x000000011c51f7ec sp=0x00007000013a7d60
Event: 0.197 Thread 0x00007fee09008200 DEOPT UNPACKING pc=0x0000000123a7ee2f sp=0x00007000013a7210 mode 0
Event: 0.218 Thread 0x00007fee09008200 DEOPT PACKING pc=0x000000011c5091b6 sp=0x00007000013a4d30
Event: 0.218 Thread 0x00007fee09008200 DEOPT UNPACKING pc=0x0000000123a7ee2f sp=0x00007000013a4170 mode 0
Event: 0.226 Thread 0x00007fee09008200 DEOPT PACKING pc=0x000000011c504942 sp=0x00007000013a7da0
Event: 0.226 Thread 0x00007fee09008200 DEOPT UNPACKING pc=0x0000000123a7ee2f sp=0x00007000013a7238 mode 0
Event: 0.244 Thread 0x00007fee09008200 Uncommon trap: trap_request=0xffffff45 fr.pc=0x0000000123fbe900 relative=0x00000000000001e0
Event: 0.244 Thread 0x00007fee09008200 Uncommon trap: reason=unstable_if action=reinterpret pc=0x0000000123fbe900 method=java.io.BufferedInputStream.read()I @ 8 c2
Event: 0.244 Thread 0x00007fee09008200 DEOPT PACKING pc=0x0000000123fbe900 sp=0x00007000013a9560
Event: 0.244 Thread 0x00007fee09008200 DEOPT UNPACKING pc=0x0000000123a7e699 sp=0x00007000013a9510 mode 2
Event: 0.409 Thread 0x00007fee09008200 Uncommon trap: trap_request=0xffffff45 fr.pc=0x0000000123fd6cfc relative=0x000000000000005c
Event: 0.409 Thread 0x00007fee09008200 Uncommon trap: reason=unstable_if action=reinterpret pc=0x0000000123fd6cfc method=java.lang.String.isLatin1()Z @ 10 c2
Event: 0.409 Thread 0x00007fee09008200 DEOPT PACKING pc=0x0000000123fd6cfc sp=0x00007000013a9200
Event: 0.409 Thread 0x00007fee09008200 DEOPT UNPACKING pc=0x0000000123a7e699 sp=0x00007000013a91b0 mode 2
Event: 0.463 Thread 0x00007fee09008200 Uncommon trap: trap_request=0xffffff45 fr.pc=0x0000000123fedf58 relative=0x0000000000001038
Event: 0.463 Thread 0x00007fee09008200 Uncommon trap: reason=unstable_if action=reinterpret pc=0x0000000123fedf58 method=java.util.concurrent.ConcurrentHashMap.putVal(Ljava/lang/Object;Ljava/lang/Object;Z)Ljava/lang/Object; @ 148 c2
Event: 0.463 Thread 0x00007fee09008200 DEOPT PACKING pc=0x0000000123fedf58 sp=0x00007000013a5720
Event: 0.463 Thread 0x00007fee09008200 DEOPT UNPACKING pc=0x0000000123a7e699 sp=0x00007000013a56a0 mode 2
Event: 0.494 Thread 0x00007fee0a016c00 DEOPT PACKING pc=0x000000011c52733c sp=0x00007000028ea5c0
Event: 0.494 Thread 0x00007fee0a016c00 DEOPT UNPACKING pc=0x0000000123a7ee2f sp=0x00007000028e9a30 mode 0

Classes loaded (20 events):
Event: 0.505 Loading class java/util/regex/Pattern$Ques
Event: 0.505 Loading class java/util/regex/Pattern$Ques done
Event: 0.505 Loading class java/util/regex/Pattern$BranchConn
Event: 0.505 Loading class java/util/regex/Pattern$BranchConn done
Event: 0.505 Loading class java/util/regex/Pattern$Branch
Event: 0.505 Loading class java/util/regex/Pattern$Branch done
Event: 0.505 Loading class java/util/regex/Pattern$Slice
Event: 0.505 Loading class java/util/regex/Pattern$SliceNode
Event: 0.505 Loading class java/util/regex/Pattern$SliceNode done
Event: 0.505 Loading class java/util/regex/Pattern$Slice done
Event: 0.505 Loading class java/util/regex/Pattern$Begin
Event: 0.505 Loading class java/util/regex/Pattern$Begin done
Event: 0.505 Loading class java/util/regex/Pattern$First
Event: 0.505 Loading class java/util/regex/Pattern$First done
Event: 0.505 Loading class java/util/regex/Pattern$Start
Event: 0.505 Loading class java/util/regex/Pattern$Start done
Event: 0.505 Loading class java/util/regex/Pattern$TreeInfo
Event: 0.505 Loading class java/util/regex/Pattern$TreeInfo done
Event: 0.507 Loading class jdk/internal/loader/URLClassPath$FileLoader$1
Event: 0.507 Loading class jdk/internal/loader/URLClassPath$FileLoader$1 done

Classes unloaded (0 events):
No events

Classes redefined (0 events):
No events

Internal exceptions (12 events):
Event: 0.170 Thread 0x00007fee09008200 Exception <a 'java/lang/NoSuchMethodError'{0x00000007ffeeac90}: 'void java.lang.invoke.DirectMethodHandle$Holder.invokeInterface(java.lang.Object, java.lang.Object, java.lang.Object)'> (0x00000007ffeeac90) 
thrown [src/hotspot/share/interpreter/linkResolver.cpp, line 759]
Event: 0.254 Thread 0x00007fee09008200 Exception <a 'java/lang/NoSuchMethodError'{0x00000007ffb5ad38}: 'java.lang.Object java.lang.invoke.DirectMethodHandle$Holder.invokeStaticInit(java.lang.Object)'> (0x00000007ffb5ad38) 
thrown [src/hotspot/share/interpreter/linkResolver.cpp, line 759]
Event: 0.268 Thread 0x00007fee09008200 Exception <a 'java/lang/NoSuchMethodError'{0x00000007ffbb94c8}: static Ljava/lang/Object;.<clinit>()V> (0x00000007ffbb94c8) 
thrown [src/hotspot/share/prims/jni.cpp, line 1112]
Event: 0.287 Thread 0x00007fee09008200 Exception <a 'java/lang/NoSuchMethodError'{0x00000007ffa1df78}: static Lorg/gradle/api/internal/tasks/testing/junit/JUnitTestClassProcessorFactory;.<clinit>()V> (0x00000007ffa1df78) 
thrown [src/hotspot/share/prims/jni.cpp, line 1112]
Event: 0.289 Thread 0x00007fee09008200 Exception <a 'java/lang/NoSuchMethodError'{0x00000007ffa2afd8}: static Lorg/gradle/api/internal/tasks/testing/junit/JUnitSpec;.<clinit>()V> (0x00000007ffa2afd8) 
thrown [src/hotspot/share/prims/jni.cpp, line 1112]
Event: 0.291 Thread 0x00007fee09008200 Exception <a 'java/lang/NoSuchMethodError'{0x00000007ffa47250}: static Lorg/gradle/api/internal/tasks/testing/filter/TestFilterSpec;.<clinit>()V> (0x00000007ffa47250) 
thrown [src/hotspot/share/prims/jni.cpp, line 1112]
Event: 0.343 Thread 0x00007fee09008200 Exception <a 'java/lang/NoSuchMethodError'{0x00000007ff800438}: 'java.lang.Object java.lang.invoke.DirectMethodHandle$Holder.invokeVirtual(java.lang.Object, java.lang.Object, java.lang.Object)'> (0x00000007ff800438) 
thrown [src/hotspot/share/interpreter/linkResolver.cpp, line 759]
Event: 0.350 Thread 0x00007fee09008200 Exception <a 'java/lang/NoSuchMethodError'{0x00000007ff847300}: 'java.lang.Object java.lang.invoke.Invokers$Holder.invoker(java.lang.Object, java.lang.Object, java.lang.Object)'> (0x00000007ff847300) 
thrown [src/hotspot/share/interpreter/linkResolver.cpp, line 759]
Event: 0.351 Thread 0x00007fee09008200 Exception <a 'java/lang/NoSuchMethodError'{0x00000007ff84fe50}: 'java.lang.Object java.lang.invoke.DirectMethodHandle$Holder.invokeStatic(java.lang.Object, java.lang.Object, int)'> (0x00000007ff84fe50) 
thrown [src/hotspot/share/interpreter/linkResolver.cpp, line 759]
Event: 0.352 Thread 0x00007fee09008200 Exception <a 'java/lang/NoSuchMethodError'{0x00000007ff85bb40}: 'void java.lang.invoke.DelegatingMethodHandle$Holder.delegate(java.lang.Object, java.lang.Object, int, java.lang.Object)'> (0x00000007ff85bb40) 
thrown [src/hotspot/share/interpreter/linkResolver.cpp, line 759]
Event: 0.353 Thread 0x00007fee09008200 Exception <a 'java/lang/NoSuchMethodError'{0x00000007ff85fcf8}: 'int java.lang.invoke.DirectMethodHandle$Holder.invokeSpecial(java.lang.Object, java.lang.Object, java.lang.Object)'> (0x00000007ff85fcf8) 
thrown [src/hotspot/share/interpreter/linkResolver.cpp, line 759]
Event: 0.355 Thread 0x00007fee09008200 Exception <a 'java/lang/NoSuchMethodError'{0x00000007ff872e78}: 'java.lang.Object java.lang.invoke.Invokers$Holder.invokeExact_MT(java.lang.Object, java.lang.Object, java.lang.Object, java.lang.Object)'> (0x00000007ff872e78) 
thrown [src/hotspot/share/interpreter/linkResolver.cpp, line 759]

VM Operations (10 events):
Event: 0.177 Executing VM operation: HandshakeAllThreads
Event: 0.177 Executing VM operation: HandshakeAllThreads done
Event: 0.239 Executing VM operation: HandshakeAllThreads
Event: 0.239 Executing VM operation: HandshakeAllThreads done
Event: 0.242 Executing VM operation: HandshakeAllThreads
Event: 0.242 Executing VM operation: HandshakeAllThreads done
Event: 0.258 Executing VM operation: HandshakeAllThreads
Event: 0.258 Executing VM operation: HandshakeAllThreads done
Event: 0.507 Executing VM operation: HandshakeAllThreads
Event: 0.507 Executing VM operation: HandshakeAllThreads done

Memory protections (14 events):
Event: 0.007 Protecting memory [0x00007000012aa000,0x00007000012ae000] with protection modes 0
Event: 0.037 Protecting memory [0x00007000019bf000,0x00007000019c3000] with protection modes 0
Event: 0.038 Protecting memory [0x0000700001ac2000,0x0000700001ac6000] with protection modes 0
Event: 0.053 Protecting memory [0x0000700001ccb000,0x0000700001ccf000] with protection modes 0
Event: 0.053 Protecting memory [0x0000700001dce000,0x0000700001dd2000] with protection modes 0
Event: 0.053 Protecting memory [0x0000700001ed1000,0x0000700001ed5000] with protection modes 0
Event: 0.054 Protecting memory [0x0000700001fd4000,0x0000700001fd8000] with protection modes 0
Event: 0.054 Protecting memory [0x00007000020d7000,0x00007000020db000] with protection modes 0
Event: 0.054 Protecting memory [0x00007000021da000,0x00007000021de000] with protection modes 0
Event: 0.116 Protecting memory [0x00007000022dd000,0x00007000022e1000] with protection modes 0
Event: 0.123 Protecting memory [0x00007000024e3000,0x00007000024e7000] with protection modes 0
Event: 0.477 Protecting memory [0x00007000025e6000,0x00007000025ea000] with protection modes 0
Event: 0.491 Protecting memory [0x00007000026e9000,0x00007000026ed000] with protection modes 0
Event: 0.492 Protecting memory [0x00007000027ec000,0x00007000027f0000] with protection modes 0

Nmethod flushes (0 events):
No events

Events (14 events):
Event: 0.030 Thread 0x00007fee09008200 Thread added: 0x00007fee09008200
Event: 0.037 Thread 0x00007fee09008200 Thread added: 0x00007fedf9868400
Event: 0.038 Thread 0x00007fee09008200 Thread added: 0x00007fedf986ac00
Event: 0.053 Thread 0x00007fee09008200 Thread added: 0x00007fee0a00b600
Event: 0.053 Thread 0x00007fee09008200 Thread added: 0x00007fedf986b200
Event: 0.053 Thread 0x00007fee09008200 Thread added: 0x00007fee0c00da00
Event: 0.054 Thread 0x00007fee09008200 Thread added: 0x00007fedf986b800
Event: 0.054 Thread 0x00007fee09008200 Thread added: 0x00007fedf986be00
Event: 0.054 Thread 0x00007fee09008200 Thread added: 0x00007fee0a01b600
Event: 0.112 Thread 0x00007fee09008200 Thread added: 0x00007fee0a015a00
Event: 0.123 Thread 0x00007fee09008200 Thread added: 0x00007fee0a808800
Event: 0.477 Thread 0x00007fee09008200 Thread added: 0x00007fee0a014a00
Event: 0.491 Thread 0x00007fee09008200 Thread added: 0x00007fee0b8a3a00
Event: 0.491 Thread 0x00007fee09008200 Thread added: 0x00007fee0a016c00


Dynamic libraries:
0x000000010c6a9000 	/Users/dantezhang/Library/Java/JavaVirtualMachines/jdk-17.0.20.jdk/Contents/Home/lib/libjli.dylib
0x00007ff82fe29000 	/System/Library/Frameworks/Cocoa.framework/Versions/A/Cocoa
0x00007ff8165c4000 	/System/Library/Frameworks/AppKit.framework/Versions/C/AppKit
0x00007ff819b4c000 	/System/Library/Frameworks/CoreData.framework/Versions/A/CoreData
0x00007ff813c8a000 	/System/Library/Frameworks/Foundation.framework/Versions/C/Foundation
0x00007ff820ff6000 	/usr/lib/libSystem.B.dylib
0x00007ff817b15000 	/System/Library/PrivateFrameworks/UIFoundation.framework/Versions/A/UIFoundation
0x00007ffb28d79000 	/System/Library/PrivateFrameworks/CollectionViewCore.framework/Versions/A/CollectionViewCore
0x00007ff81e8de000 	/System/Library/PrivateFrameworks/XCTTargetBootstrap.framework/Versions/A/XCTTargetBootstrap
0x00007ff823c3c000 	/System/Library/PrivateFrameworks/InternationalSupport.framework/Versions/A/InternationalSupport
0x00007ff823f8b000 	/System/Library/PrivateFrameworks/UserActivity.framework/Versions/A/UserActivity
0x00007ffd15d8e000 	/System/Library/PrivateFrameworks/UIIntelligenceSupport.framework/Versions/A/UIIntelligenceSupport
0x00007ffb1fbe1000 	/System/Library/Frameworks/SwiftUICore.framework/Versions/A/SwiftUICore
0x00007ffd1a98a000 	/System/Library/PrivateFrameworks/WritingTools.framework/Versions/A/WritingTools
0x00007ffd19adb000 	/System/Library/PrivateFrameworks/WindowManagement.framework/Versions/A/WindowManagement
0x00007ff813915000 	/System/Library/Frameworks/SystemConfiguration.framework/Versions/A/SystemConfiguration
0x00007ff822f0d000 	/usr/lib/libspindump.dylib
0x00007ff817cf1000 	/System/Library/Frameworks/UniformTypeIdentifiers.framework/Versions/A/UniformTypeIdentifiers
0x00007ff8202e3000 	/usr/lib/libbsm.0.dylib
0x00007ff81c49c000 	/usr/lib/libapp_launch_measurement.dylib
0x00007ff81b5c7000 	/System/Library/PrivateFrameworks/CoreAnalytics.framework/Versions/A/CoreAnalytics
0x00007ff81c49f000 	/System/Library/PrivateFrameworks/CoreAutoLayout.framework/Versions/A/CoreAutoLayout
0x00007ff81df27000 	/System/Library/Frameworks/Metal.framework/Versions/A/Metal
0x00007ff81f199000 	/usr/lib/liblangid.dylib
0x00007ff81e8e3000 	/System/Library/PrivateFrameworks/CoreSVG.framework/Versions/A/CoreSVG
0x00007ff818723000 	/System/Library/PrivateFrameworks/SkyLight.framework/Versions/A/SkyLight
0x00007ff818bf1000 	/System/Library/Frameworks/CoreGraphics.framework/Versions/A/CoreGraphics
0x00007ff829199000 	/System/Library/Frameworks/Accelerate.framework/Versions/A/Accelerate
0x00007ff822d4d000 	/System/Library/PrivateFrameworks/IconServices.framework/Versions/A/IconServices
0x00007ff81df06000 	/System/Library/Frameworks/IOSurface.framework/Versions/A/IOSurface
0x00007ff81b5f5000 	/usr/lib/libDiagnosticMessagesClient.dylib
0x00007ff820f0b000 	/usr/lib/libz.1.dylib
0x00007ff82d363000 	/System/Library/Frameworks/ApplicationServices.framework/Versions/A/ApplicationServices
0x00007ff81e8cb000 	/System/Library/PrivateFrameworks/DFRFoundation.framework/Versions/A/DFRFoundation
0x00007ff815e73000 	/usr/lib/libicucore.A.dylib
0x00007ff824ff5000 	/System/Library/Frameworks/AudioToolbox.framework/Versions/A/AudioToolbox
0x00007ff823f44000 	/System/Library/PrivateFrameworks/DataDetectorsCore.framework/Versions/A/DataDetectorsCore
0x00007ff91ef24000 	/System/Library/PrivateFrameworks/TextInput.framework/Versions/A/TextInput
0x00007ff818676000 	/usr/lib/libMobileGestalt.dylib
0x00007ff81e5e9000 	/System/Library/Frameworks/Carbon.framework/Versions/A/Frameworks/HIToolbox.framework/Versions/A/HIToolbox
0x00007ff81bdad000 	/System/Library/Frameworks/QuartzCore.framework/Versions/A/QuartzCore
0x00007ff815a95000 	/System/Library/Frameworks/Security.framework/Versions/A/Security
0x00007ff828ae2000 	/System/Library/Frameworks/Carbon.framework/Versions/A/Frameworks/SpeechRecognition.framework/Versions/A/SpeechRecognition
0x00007ff81c1a7000 	/System/Library/PrivateFrameworks/CoreUI.framework/Versions/A/CoreUI
0x00007ff815355000 	/System/Library/Frameworks/CoreAudio.framework/Versions/A/CoreAudio
0x00007ff81b6dc000 	/System/Library/Frameworks/DiskArbitration.framework/Versions/A/DiskArbitration
0x00007ff82335a000 	/System/Library/PrivateFrameworks/MultitouchSupport.framework/Versions/A/MultitouchSupport
0x00007ff818675000 	/usr/lib/libenergytrace.dylib
0x00007ff9134d3000 	/System/Library/PrivateFrameworks/RenderBox.framework/Versions/A/RenderBox
0x00007ff816493000 	/System/Library/Frameworks/IOKit.framework/Versions/A/IOKit
0x00007ff828eed000 	/System/Library/Frameworks/CoreServices.framework/Versions/A/CoreServices
0x00007ff81c433000 	/System/Library/PrivateFrameworks/PerformanceAnalysis.framework/Versions/A/PerformanceAnalysis
0x00007ffb16d44000 	/System/Library/Frameworks/OpenGL.framework/Versions/A/OpenGL
0x00007ff81c4e9000 	/usr/lib/libxml2.2.dylib
0x00007ff8201d5000 	/System/Library/PrivateFrameworks/MobileKeyBag.framework/Versions/A/MobileKeyBag
0x00007ff8126c6000 	/usr/lib/libobjc.A.dylib
0x00007ff8129df000 	/usr/lib/libc++.1.dylib
0x00007ff828e68000 	/System/Library/Frameworks/Accessibility.framework/Versions/A/Accessibility
0x00007ff8194e4000 	/System/Library/Frameworks/ColorSync.framework/Versions/A/ColorSync
0x00007ff812b26000 	/System/Library/Frameworks/CoreFoundation.framework/Versions/A/CoreFoundation
0x00007ff81ecb5000 	/System/Library/Frameworks/CoreImage.framework/Versions/A/CoreImage
0x00007ff81511b000 	/System/Library/Frameworks/CoreText.framework/Versions/A/CoreText
0x00007ffb1ad4b000 	/System/Library/Frameworks/CoreTransferable.framework/Versions/A/CoreTransferable
0x00007ffb1b1f1000 	/System/Library/Frameworks/DataDetection.framework/Versions/A/DataDetection
0x00007ffb1b1f4000 	/System/Library/Frameworks/DeveloperToolsSupport.framework/Versions/A/DeveloperToolsSupport
0x00007ff81e91b000 	/System/Library/Frameworks/ImageIO.framework/Versions/A/ImageIO
0x00007ffb20747000 	/System/Library/Frameworks/Symbols.framework/Versions/A/Symbols
0x00007ffa2646a000 	/System/Library/PrivateFrameworks/FeatureFlags.framework/Versions/A/FeatureFlags
0x00007ff820ffb000 	/System/Library/PrivateFrameworks/SoftLinking.framework/Versions/A/SoftLinking
0x00007ffa11f7f000 	/usr/lib/swift/libswiftAccelerate.dylib
0x00007ff824a35000 	/usr/lib/swift/libswiftCore.dylib
0x00007ff91b40d000 	/usr/lib/swift/libswiftCoreFoundation.dylib
0x00007ff91b45a000 	/usr/lib/swift/libswiftCoreImage.dylib
0x00007ff918980000 	/usr/lib/swift/libswiftDarwin.dylib
0x00007ffd21a13000 	/usr/lib/swift/libswiftDataDetection.dylib
0x00007ff82accb000 	/usr/lib/swift/libswiftDispatch.dylib
0x00007ff91b45b000 	/usr/lib/swift/libswiftIOKit.dylib
0x00007ff928308000 	/usr/lib/swift/libswiftMetal.dylib
0x00007ffa174ac000 	/usr/lib/swift/libswiftOSLog.dylib
0x00007ff82d83e000 	/usr/lib/swift/libswiftObjectiveC.dylib
0x00007ffd21a3d000 	/usr/lib/swift/libswiftObservation.dylib
0x00007ff92d6d7000 	/usr/lib/swift/libswiftQuartzCore.dylib
0x00007ffa11f70000 	/usr/lib/swift/libswiftUniformTypeIdentifiers.dylib
0x00007ff91b41d000 	/usr/lib/swift/libswiftXPC.dylib
0x00007ffd21b3c000 	/usr/lib/swift/libswift_Builtin_float.dylib
0x00007ffd21b3f000 	/usr/lib/swift/libswift_Concurrency.dylib
0x00007ffd21c88000 	/usr/lib/swift/libswift_StringProcessing.dylib
0x00007ffd21d0d000 	/usr/lib/swift/libswift_errno.dylib
0x00007ffd21d0f000 	/usr/lib/swift/libswift_math.dylib
0x00007ffd21d12000 	/usr/lib/swift/libswift_signal.dylib
0x00007ffd21d13000 	/usr/lib/swift/libswift_stdio.dylib
0x00007ffd21d14000 	/usr/lib/swift/libswift_time.dylib
0x00007ff82d842000 	/usr/lib/swift/libswiftos.dylib
0x00007ff91ee77000 	/usr/lib/swift/libswiftsimd.dylib
0x00007ffd21d15000 	/usr/lib/swift/libswiftsys_time.dylib
0x00007ffd21d16000 	/usr/lib/swift/libswiftunistd.dylib
0x00007ff8211f5000 	/usr/lib/libcompression.dylib
0x00007ff823b7e000 	/System/Library/PrivateFrameworks/TextureIO.framework/Versions/A/TextureIO
0x00007ff8229d9000 	/usr/lib/libate.dylib
0x00007ff820ff0000 	/usr/lib/system/libcache.dylib
0x00007ff820fa9000 	/usr/lib/system/libcommonCrypto.dylib
0x00007ff820fd3000 	/usr/lib/system/libcompiler_rt.dylib
0x00007ff820fc7000 	/usr/lib/system/libcopyfile.dylib
0x00007ff81280d000 	/usr/lib/system/libcorecrypto.dylib
0x00007ff81290b000 	/usr/lib/system/libdispatch.dylib
0x00007ff812abe000 	/usr/lib/system/libdyld.dylib
0x00007ff820fe6000 	/usr/lib/system/libkeymgr.dylib
0x00007ff820f8e000 	/usr/lib/system/libmacho.dylib
0x00007ff8202be000 	/usr/lib/system/libquarantine.dylib
0x00007ff820fe3000 	/usr/lib/system/libremovefile.dylib
0x00007ff8186eb000 	/usr/lib/system/libsystem_asl.dylib
0x00007ff8127a7000 	/usr/lib/system/libsystem_blocks.dylib
0x00007ff812956000 	/usr/lib/system/libsystem_c.dylib
0x00007ff820fdb000 	/usr/lib/system/libsystem_collections.dylib
0x00007ff81f188000 	/usr/lib/system/libsystem_configuration.dylib
0x00007ff81ded7000 	/usr/lib/system/libsystem_containermanager.dylib
0x00007ff820b54000 	/usr/lib/system/libsystem_coreservices.dylib
0x00007ff81611c000 	/usr/lib/system/libsystem_darwin.dylib
0x00007ffd21e6f000 	/usr/lib/system/libsystem_darwindirectory.dylib
0x00007ff820fe7000 	/usr/lib/system/libsystem_dnssd.dylib
0x00007ffd21e74000 	/usr/lib/system/libsystem_eligibility.dylib
0x00007ff812953000 	/usr/lib/system/libsystem_featureflags.dylib
0x00007ff812af7000 	/usr/lib/system/libsystem_info.dylib
0x00007ff820f1f000 	/usr/lib/system/libsystem_m.dylib
0x00007ff8128c0000 	/usr/lib/system/libsystem_malloc.dylib
0x00007ff81865b000 	/usr/lib/system/libsystem_networkextension.dylib
0x00007ff816559000 	/usr/lib/system/libsystem_notify.dylib
0x00007ff81f18c000 	/usr/lib/system/libsystem_sandbox.dylib
0x00007ffd21e7c000 	/usr/lib/system/libsystem_sanitizers.dylib
0x00007ff820fe0000 	/usr/lib/system/libsystem_secinit.dylib
0x00007ff812a75000 	/usr/lib/system/libsystem_kernel.dylib
0x00007ff812aed000 	/usr/lib/system/libsystem_platform.dylib
0x00007ff812ab2000 	/usr/lib/system/libsystem_pthread.dylib
0x00007ff81a49c000 	/usr/lib/system/libsystem_symptoms.dylib
0x00007ff8127f2000 	/usr/lib/system/libsystem_trace.dylib
0x00007ff820fb6000 	/usr/lib/system/libunwind.dylib
0x00007ff8127ab000 	/usr/lib/system/libxpc.dylib
0x00007ff812a5e000 	/usr/lib/libc++abi.dylib
0x00007ffd208ca000 	/usr/lib/libRosetta.dylib
0x00007ff816410000 	/System/Library/PrivateFrameworks/CoreServicesInternal.framework/Versions/A/CoreServicesInternal
0x00007ff820fbf000 	/usr/lib/liboah.dylib
0x00007ff820ff8000 	/usr/lib/libfakelink.dylib
0x00007ff82ce39000 	/System/Library/PrivateFrameworks/DiskImages.framework/Versions/A/DiskImages
0x00007ff9184b7000 	/System/Library/Frameworks/NetFS.framework/Versions/A/NetFS
0x00007ff8182b4000 	/System/Library/Frameworks/CFNetwork.framework/Versions/A/CFNetwork
0x00007ff81c466000 	/System/Library/Frameworks/CoreServices.framework/Versions/A/Frameworks/FSEvents.framework/Versions/A/FSEvents
0x00007ff816127000 	/System/Library/Frameworks/CoreServices.framework/Versions/A/Frameworks/CarbonCore.framework/Versions/A/CarbonCore
0x00007ff81b654000 	/System/Library/Frameworks/CoreServices.framework/Versions/A/Frameworks/Metadata.framework/Versions/A/Metadata
0x00007ff820b5b000 	/System/Library/Frameworks/CoreServices.framework/Versions/A/Frameworks/OSServices.framework/Versions/A/OSServices
0x00007ff821126000 	/System/Library/Frameworks/CoreServices.framework/Versions/A/Frameworks/SearchKit.framework/Versions/A/SearchKit
0x00007ff81a41b000 	/System/Library/Frameworks/CoreServices.framework/Versions/A/Frameworks/AE.framework/Versions/A/AE
0x00007ff812fdb000 	/System/Library/Frameworks/CoreServices.framework/Versions/A/Frameworks/LaunchServices.framework/Versions/A/LaunchServices
0x00007ff822739000 	/System/Library/Frameworks/CoreServices.framework/Versions/A/Frameworks/DictionaryServices.framework/Versions/A/DictionaryServices
0x00007ff81c474000 	/System/Library/Frameworks/CoreServices.framework/Versions/A/Frameworks/SharedFileList.framework/Versions/A/SharedFileList
0x00007ff8211a8000 	/usr/lib/libapple_nghttp2.dylib
0x00007ff81a077000 	/usr/lib/libsqlite3.dylib
0x00007ff825616000 	/System/Library/Frameworks/GSS.framework/Versions/A/GSS
0x00007ff81a3b6000 	/System/Library/PrivateFrameworks/RunningBoardServices.framework/Versions/A/RunningBoardServices
0x00007ff81a4a4000 	/System/Library/Frameworks/Network.framework/Versions/A/Network
0x00007ff820f92000 	/usr/lib/system/libkxld.dylib
0x00007ffb250df000 	/System/Library/PrivateFrameworks/AppleKeyStore.framework/Versions/A/AppleKeyStore
0x00007ffd20797000 	/usr/lib/libCoreEntitlements.dylib
0x00007ffc2003e000 	/System/Library/PrivateFrameworks/MessageSecurity.framework/Versions/A/MessageSecurity
0x00007ff81a05d000 	/System/Library/PrivateFrameworks/ProtocolBuffer.framework/Versions/A/ProtocolBuffer
0x00007ff820b3a000 	/System/Library/PrivateFrameworks/AppleFSCompression.framework/Versions/A/AppleFSCompression
0x00007ff8202cb000 	/usr/lib/libcoretls.dylib
0x00007ff8227a7000 	/usr/lib/libcoretls_cfhelpers.dylib
0x00007ff8211ef000 	/usr/lib/libpam.2.dylib
0x00007ff822822000 	/usr/lib/libxar.1.dylib
0x00007ff82104a000 	/usr/lib/libarchive.2.dylib
0x00007ff826d5b000 	/System/Library/Frameworks/Combine.framework/Versions/A/Combine
0x00007ffb28da0000 	/System/Library/PrivateFrameworks/CollectionsInternal.framework/Versions/A/CollectionsInternal
0x00007ffc284c5000 	/System/Library/PrivateFrameworks/ReflectionInternal.framework/Versions/A/ReflectionInternal
0x00007ffc29074000 	/System/Library/PrivateFrameworks/RuntimeInternal.framework/Versions/A/RuntimeInternal
0x00007ffd21ad0000 	/usr/lib/swift/libswiftSystem.dylib
0x00007ff81f194000 	/System/Library/PrivateFrameworks/AppleSystemInfo.framework/Versions/A/AppleSystemInfo
0x00007ff91b2ff000 	/System/Library/PrivateFrameworks/LoggingSupport.framework/Versions/A/LoggingSupport
0x00007ff829e52000 	/System/Library/PrivateFrameworks/PowerLog.framework/Versions/A/PowerLog
0x00007ffb1fab8000 	/System/Library/Frameworks/SwiftData.framework/Versions/A/SwiftData
0x00007ff81c65e000 	/System/Library/PrivateFrameworks/UserManagement.framework/Versions/A/UserManagement
0x00007ff8181d9000 	/usr/lib/libboringssl.dylib
0x00007ff81a48c000 	/usr/lib/libdns_services.dylib
0x00007ff91a505000 	/usr/lib/libquic.dylib
0x00007ff8249bd000 	/usr/lib/libusrtcp.dylib
0x00007ffa1f676000 	/System/Library/PrivateFrameworks/InternalSwiftProtobuf.framework/Versions/A/InternalSwiftProtobuf
0x00007ffd21a14000 	/usr/lib/swift/libswiftDistributed.dylib
0x00007ffd21ac6000 	/usr/lib/swift/libswiftSynchronization.dylib
0x00007ff8182b3000 	/usr/lib/libnetwork.dylib
0x00007ff92c3f3000 	/System/Library/PrivateFrameworks/OSAnalytics.framework/Versions/A/OSAnalytics
0x00007ff821186000 	/System/Library/PrivateFrameworks/AppleSauce.framework/Versions/A/AppleSauce
0x00007ff82b45e000 	/System/Library/PrivateFrameworks/CoreSymbolication.framework/Versions/A/CoreSymbolication
0x00007ffa1affa000 	/System/Library/PrivateFrameworks/Symbolication.framework/Versions/A/Symbolication
0x00007ff82b43e000 	/System/Library/PrivateFrameworks/DebugSymbols.framework/Versions/A/DebugSymbols
0x00007ffd20656000 	/usr/lib/libAppleArchive.dylib
0x00007ff820b45000 	/usr/lib/libbz2.1.0.dylib
0x00007ff822787000 	/usr/lib/liblzma.5.dylib
0x00007ff81ffcf000 	/System/Library/PrivateFrameworks/IOMobileFramebuffer.framework/Versions/A/IOMobileFramebuffer
0x00007ff91b38d000 	/System/Library/PrivateFrameworks/MallocStackLogging.framework/Versions/A/MallocStackLogging
0x00007ff822a78000 	/System/Library/PrivateFrameworks/CrashReporterSupport.framework/Versions/A/CrashReporterSupport
0x00007ff8136c9000 	/System/Library/PrivateFrameworks/Lexicon.framework/Versions/A/Lexicon
0x00007ffc18e7a000 	/System/Library/PrivateFrameworks/IO80211.framework/Versions/A/IO80211
0x00007ff82af41000 	/System/Library/PrivateFrameworks/FrontBoardServices.framework/Versions/A/FrontBoardServices
0x00007ff8201fd000 	/System/Library/Frameworks/SecurityFoundation.framework/Versions/A/SecurityFoundation
0x00007ff82034e000 	/usr/lib/libgermantok.dylib
0x00007ff81f2a9000 	/System/Library/PrivateFrameworks/LinguisticData.framework/Versions/A/LinguisticData
0x00007ff81a2d3000 	/System/Library/PrivateFrameworks/BaseBoard.framework/Versions/A/BaseBoard
0x00007ff82b00f000 	/System/Library/PrivateFrameworks/BoardServices.framework/Versions/A/BoardServices
0x00007ff8201f0000 	/System/Library/PrivateFrameworks/AssertionServices.framework/Versions/A/AssertionServices
0x00007ff82cc71000 	/System/Library/PrivateFrameworks/BackBoardServices.framework/Versions/A/BackBoardServices
0x00007ff81e322000 	/System/Library/PrivateFrameworks/FontServices.framework/libFontParser.dylib
0x00007ff818703000 	/System/Library/PrivateFrameworks/TCC.framework/Versions/A/TCC
0x00007ff830671000 	/System/Library/PrivateFrameworks/IOSurfaceAccelerator.framework/Versions/A/IOSurfaceAccelerator
0x00007ff823358000 	/System/Library/PrivateFrameworks/WatchdogClient.framework/Versions/A/WatchdogClient
0x00007ff814c2e000 	/System/Library/Frameworks/CoreDisplay.framework/Versions/A/CoreDisplay
0x00007ff81e1ce000 	/System/Library/Frameworks/CoreMedia.framework/Versions/A/CoreMedia
0x00007ff81df1e000 	/System/Library/PrivateFrameworks/IOAccelerator.framework/Versions/A/IOAccelerator
0x00007ff81c5cc000 	/System/Library/Frameworks/CoreVideo.framework/Versions/A/CoreVideo
0x00007ff8211ed000 	/System/Library/Frameworks/MetalPerformanceShaders.framework/Versions/A/MetalPerformanceShaders
0x00007ffc27907000 	/System/Library/PrivateFrameworks/ProDisplayLibrary.framework/Versions/A/ProDisplayLibrary
0x00007ff82339e000 	/System/Library/Frameworks/VideoToolbox.framework/Versions/A/VideoToolbox
0x00007ff81f193000 	/System/Library/PrivateFrameworks/AggregateDictionary.framework/Versions/A/AggregateDictionary
0x00007ff8227a9000 	/System/Library/PrivateFrameworks/APFS.framework/Versions/A/APFS
0x00007ff822830000 	/usr/lib/libutil.dylib
0x00007ffd1174e000 	/System/Library/PrivateFrameworks/SwiftASN1Internal.framework/Versions/A/SwiftASN1Internal
0x00007ff81b6e4000 	/System/Library/Frameworks/Accelerate.framework/Versions/A/Frameworks/vImage.framework/Versions/A/vImage
0x00007ff828ec4000 	/System/Library/Frameworks/Accelerate.framework/Versions/A/Frameworks/vecLib.framework/Versions/A/vecLib
0x00007ff822865000 	/System/Library/Frameworks/Accelerate.framework/Versions/A/Frameworks/vecLib.framework/Versions/A/libvMisc.dylib
0x00007ff813463000 	/System/Library/Frameworks/Accelerate.framework/Versions/A/Frameworks/vecLib.framework/Versions/A/libBLAS.dylib
0x00007ff82522f000 	/System/Library/Frameworks/ApplicationServices.framework/Versions/A/Frameworks/ATS.framework/Versions/A/ATS
0x00007ff819699000 	/System/Library/Frameworks/ApplicationServices.framework/Versions/A/Frameworks/HIServices.framework/Versions/A/HIServices
0x00007ff823b0b000 	/System/Library/Frameworks/ApplicationServices.framework/Versions/A/Frameworks/PrintCore.framework/Versions/A/PrintCore
0x00007ff8255e0000 	/System/Library/Frameworks/ApplicationServices.framework/Versions/A/Frameworks/QD.framework/Versions/A/QD
0x00007ff8255d8000 	/System/Library/Frameworks/ApplicationServices.framework/Versions/A/Frameworks/ColorSyncLegacy.framework/Versions/A/ColorSyncLegacy
0x00007ff825205000 	/System/Library/Frameworks/ApplicationServices.framework/Versions/A/Frameworks/SpeechSynthesis.framework/Versions/A/SpeechSynthesis
0x00007ff81ff9d000 	/System/Library/PrivateFrameworks/CoreEmoji.framework/Versions/A/CoreEmoji
0x00007ffb2ecc7000 	/System/Library/PrivateFrameworks/FontServices.framework/Versions/A/FontServices
0x00007ff822ebc000 	/System/Library/PrivateFrameworks/OTSVG.framework/Versions/A/OTSVG
0x00007ff81c15b000 	/System/Library/Frameworks/ApplicationServices.framework/Versions/A/Frameworks/ATS.framework/Versions/A/Resources/libFontRegistry.dylib
0x00007ffd20e11000 	/usr/lib/libhvf.dylib
0x00007ffc23ee4000 	/System/Library/PrivateFrameworks/ParsingInternal.framework/Versions/A/ParsingInternal
0x00007ffd21a59000 	/usr/lib/swift/libswiftRegexBuilder.dylib
0x00007ffd21bda000 	/usr/lib/swift/libswift_RegexParser.dylib
0x00007ff82321e000 	/System/Library/PrivateFrameworks/AppleJPEG.framework/Versions/A/AppleJPEG
0x00007ff822cdb000 	/usr/lib/libexpat.1.dylib
0x00007ff8239d4000 	/System/Library/Frameworks/ImageIO.framework/Versions/A/Resources/libPng.dylib
0x00007ff823a00000 	/System/Library/Frameworks/ImageIO.framework/Versions/A/Resources/libTIFF.dylib
0x00007ff823af6000 	/System/Library/Frameworks/ImageIO.framework/Versions/A/Resources/libGIF.dylib
0x00007ff82326b000 	/System/Library/Frameworks/ImageIO.framework/Versions/A/Resources/libJP2.dylib
0x00007ff823a95000 	/System/Library/Frameworks/ImageIO.framework/Versions/A/Resources/libJPEG.dylib
0x00007ff823a8c000 	/System/Library/Frameworks/ImageIO.framework/Versions/A/Resources/libRadiance.dylib
0x00007ffc1504e000 	/System/Library/PrivateFrameworks/GPUCompiler.framework/Versions/32023/Libraries/libllvm-flatbuffers.dylib
0x00007ffb2ed92000 	/System/Library/PrivateFrameworks/FramePacing.framework/Versions/A/FramePacing
0x00007ffb16d38000 	/System/Library/Frameworks/OpenGL.framework/Versions/A/Libraries/libCoreFSCache.dylib
0x00007ffb2f9aa000 	/System/Library/PrivateFrameworks/GPUCompiler.framework/Versions/32023/Libraries/libGPUCompilerUtils.dylib
0x00007ffb2ecc8000 	/System/Library/PrivateFrameworks/FontServices.framework/libXTFontStaticRegistryData.dylib
0x00007ffc26be2000 	/System/Library/PrivateFrameworks/PhotosensitivityProcessing.framework/Versions/A/PhotosensitivityProcessing
0x00007ffb18308000 	/System/Library/Frameworks/OpenCL.framework/Versions/A/OpenCL
0x00007ff822ead000 	/System/Library/PrivateFrameworks/GraphVisualizer.framework/Versions/A/GraphVisualizer
0x00007ffb16d96000 	/System/Library/Frameworks/OpenGL.framework/Versions/A/Libraries/libGLU.dylib
0x00007ffb16d57000 	/System/Library/Frameworks/OpenGL.framework/Versions/A/Libraries/libGFXShared.dylib
0x00007ffb16f53000 	/System/Library/Frameworks/OpenGL.framework/Versions/A/Libraries/libGL.dylib
0x00007ffb16d60000 	/System/Library/Frameworks/OpenGL.framework/Versions/A/Libraries/libGLImage.dylib
0x00007ffb16d54000 	/System/Library/Frameworks/OpenGL.framework/Versions/A/Libraries/libCVMSPluginSupport.dylib
0x00007ffb16d3f000 	/System/Library/Frameworks/OpenGL.framework/Versions/A/Libraries/libCoreVMClient.dylib
0x00007ff81f0cd000 	/System/Library/Frameworks/MetalPerformanceShaders.framework/Versions/A/Frameworks/MPSCore.framework/Versions/A/MPSCore
0x00007ff820a95000 	/System/Library/Frameworks/MetalPerformanceShaders.framework/Versions/A/Frameworks/MPSImage.framework/Versions/A/MPSImage
0x00007ff820367000 	/System/Library/Frameworks/MetalPerformanceShaders.framework/Versions/A/Frameworks/MPSNeuralNetwork.framework/Versions/A/MPSNeuralNetwork
0x00007ff8208c7000 	/System/Library/Frameworks/MetalPerformanceShaders.framework/Versions/A/Frameworks/MPSMatrix.framework/Versions/A/MPSMatrix
0x00007ff82067d000 	/System/Library/Frameworks/MetalPerformanceShaders.framework/Versions/A/Frameworks/MPSRayIntersector.framework/Versions/A/MPSRayIntersector
0x00007ff820906000 	/System/Library/Frameworks/MetalPerformanceShaders.framework/Versions/A/Frameworks/MPSNDArray.framework/Versions/A/MPSNDArray
0x00007ffb1cdc4000 	/System/Library/Frameworks/MetalPerformanceShaders.framework/Versions/A/Frameworks/MPSFunctions.framework/Versions/A/MPSFunctions
0x00007ffb1cda6000 	/System/Library/Frameworks/MetalPerformanceShaders.framework/Versions/A/Frameworks/MPSBenchmarkLoop.framework/Versions/A/MPSBenchmarkLoop
0x00007ff8132d4000 	/System/Library/PrivateFrameworks/MetalTools.framework/Versions/A/MetalTools
0x00007ff9203c6000 	/System/Library/PrivateFrameworks/IOAccelMemoryInfo.framework/Versions/A/IOAccelMemoryInfo
0x00007ff92dadd000 	/System/Library/PrivateFrameworks/kperf.framework/Versions/A/kperf
0x00007ff91b3ef000 	/System/Library/PrivateFrameworks/GPURawCounter.framework/Versions/A/GPURawCounter
0x00007ff823ac7000 	/System/Library/Frameworks/ApplicationServices.framework/Versions/A/Frameworks/ATSUI.framework/Versions/A/ATSUI
0x00007ff82556a000 	/usr/lib/libcups.2.dylib
0x00007ff825607000 	/System/Library/Frameworks/Kerberos.framework/Versions/A/Kerberos
0x00007ff825272000 	/usr/lib/libresolv.9.dylib
0x00007ff821032000 	/usr/lib/libiconv.2.dylib
0x00007ff822f14000 	/System/Library/PrivateFrameworks/Heimdal.framework/Versions/A/Heimdal
0x00007ff82d796000 	/System/Library/Frameworks/Kerberos.framework/Versions/A/Libraries/libHeimdalProxy.dylib
0x00007ff822cf7000 	/usr/lib/libheimdal-asn1.dylib
0x00007ff81c43e000 	/System/Library/Frameworks/OpenDirectory.framework/Versions/A/OpenDirectory
0x00007ff82565f000 	/System/Library/PrivateFrameworks/CommonAuth.framework/Versions/A/CommonAuth
0x00007ff81c44a000 	/System/Library/Frameworks/OpenDirectory.framework/Versions/A/Frameworks/CFOpenDirectory.framework/Versions/A/CFOpenDirectory
0x00007ff820f8d000 	/usr/lib/libcharset.1.dylib
0x00007ffb19df0000 	/System/Library/Frameworks/AVFAudio.framework/Versions/A/AVFAudio
0x00007ff914e57000 	/System/Library/PrivateFrameworks/AXCoreUtilities.framework/Versions/A/AXCoreUtilities
0x00007ffc1c14a000 	/System/Library/PrivateFrameworks/IsolatedCoreAudioClient.framework/Versions/A/IsolatedCoreAudioClient
0x00007ff8251ed000 	/usr/lib/libAudioStatistics.dylib
0x00007ff81e1aa000 	/System/Library/PrivateFrameworks/caulk.framework/Versions/A/caulk
0x00007ff814d59000 	/System/Library/PrivateFrameworks/AudioToolboxCore.framework/Versions/A/AudioToolboxCore
0x00007ff82fc2f000 	/System/Library/Frameworks/CoreMIDI.framework/Versions/A/CoreMIDI
0x00007ff825193000 	/System/Library/PrivateFrameworks/AudioSession.framework/Versions/A/AudioSession
0x00007ff826ade000 	/System/Library/Frameworks/IOBluetooth.framework/Versions/A/IOBluetooth
0x00007ff822de4000 	/System/Library/PrivateFrameworks/MediaExperience.framework/Versions/A/MediaExperience
0x00007ffd1419d000 	/System/Library/PrivateFrameworks/Tightbeam.framework/Versions/A/Tightbeam
0x00007ffb2975f000 	/System/Library/PrivateFrameworks/CoreAudioOrchestration.framework/Versions/A/CoreAudioOrchestration
0x00007ffa125b5000 	/System/Library/PrivateFrameworks/AFKUser.framework/Versions/A/AFKUser
0x00007ff91b3f3000 	/usr/lib/swift/libswiftCoreAudio.dylib
0x00007ff822f02000 	/System/Library/PrivateFrameworks/AppServerSupport.framework/Versions/A/AppServerSupport
0x00007ff8255ea000 	/System/Library/PrivateFrameworks/perfdata.framework/Versions/A/perfdata
0x00007ff91a5f1000 	/System/Library/PrivateFrameworks/SystemPolicy.framework/Versions/A/SystemPolicy
0x00007ff825489000 	/usr/lib/libSMC.dylib
0x00007ff82399f000 	/usr/lib/libAudioToolboxUtility.dylib
0x00007ff8255f8000 	/usr/lib/libperfcheck.dylib
0x00007ffb25cfe000 	/System/Library/PrivateFrameworks/AudioAnalytics.framework/Versions/A/AudioAnalytics
0x00007ffa1f44b000 	/System/Library/Frameworks/OSLog.framework/Versions/A/OSLog
0x00007ff91b3bd000 	/usr/lib/libmis.dylib
0x00007ff824fb4000 	/System/Library/PrivateFrameworks/AudioSession.framework/libSessionUtility.dylib
0x00007ff823afc000 	/System/Library/PrivateFrameworks/CMCaptureCore.framework/Versions/A/CMCaptureCore
0x00007ffb1b314000 	/System/Library/Frameworks/ExtensionFoundation.framework/Versions/A/ExtensionFoundation
0x00007ff82b570000 	/System/Library/PrivateFrameworks/CoreTime.framework/Versions/A/CoreTime
0x00007ff822bcb000 	/System/Library/PrivateFrameworks/PlugInKit.framework/Versions/A/PlugInKit
0x00007ff829d57000 	/System/Library/Frameworks/CoreBluetooth.framework/Versions/A/CoreBluetooth
0x00007ff82d797000 	/System/Library/Frameworks/AudioUnit.framework/Versions/A/AudioUnit
0x00007ff82005b000 	/System/Library/PrivateFrameworks/CoreUtils.framework/Versions/A/CoreUtils
0x00007ffb2c8fb000 	/System/Library/PrivateFrameworks/CoreUtilsExtras.framework/Versions/A/CoreUtilsExtras
0x00007ff8291e6000 	/System/Library/Frameworks/MediaAccessibility.framework/Versions/A/MediaAccessibility
0x00007ff9237b0000 	/System/Library/PrivateFrameworks/AttributeGraph.framework/Versions/A/AttributeGraph
0x00007ffd205d6000 	/usr/lib/libAXSafeCategoryBundle.dylib
0x00007ff914efc000 	/usr/lib/libAccessibility.dylib
0x00007ff81fdd1000 	/System/Library/Frameworks/Accelerate.framework/Versions/A/Frameworks/vecLib.framework/Versions/A/libvDSP.dylib
0x00007ff8212db000 	/System/Library/Frameworks/Accelerate.framework/Versions/A/Frameworks/vecLib.framework/Versions/A/libLAPACK.dylib
0x00007ff820351000 	/System/Library/Frameworks/Accelerate.framework/Versions/A/Frameworks/vecLib.framework/Versions/A/libLinearAlgebra.dylib
0x00007ff8211c3000 	/System/Library/Frameworks/Accelerate.framework/Versions/A/Frameworks/vecLib.framework/Versions/A/libSparseBLAS.dylib
0x00007ff8212d5000 	/System/Library/Frameworks/Accelerate.framework/Versions/A/Frameworks/vecLib.framework/Versions/A/libQuadrature.dylib
0x00007ff81f2af000 	/System/Library/Frameworks/Accelerate.framework/Versions/A/Frameworks/vecLib.framework/Versions/A/libBNNS.dylib
0x00007ff8137ce000 	/System/Library/Frameworks/Accelerate.framework/Versions/A/Frameworks/vecLib.framework/Versions/A/libSparse.dylib
0x00007ffc1d521000 	/System/Library/PrivateFrameworks/MIL.framework/Versions/A/MIL
0x00007ff823a85000 	/System/Library/PrivateFrameworks/GPUWrangler.framework/Versions/A/GPUWrangler
0x00007ff823a69000 	/System/Library/PrivateFrameworks/IOPresentment.framework/Versions/A/IOPresentment
0x00007ff823a8f000 	/System/Library/PrivateFrameworks/DSExternalDisplay.framework/Versions/A/DSExternalDisplay
0x00007ffa1f842000 	/System/Library/PrivateFrameworks/HIDDisplay.framework/Versions/A/HIDDisplay
0x00007ff914169000 	/System/Library/PrivateFrameworks/HID.framework/Versions/A/HID
0x00007ffd177e5000 	/System/Library/PrivateFrameworks/VideoToolboxParavirtualizationSupport.framework/Versions/A/VideoToolboxParavirtualizationSupport
0x00007ff822c8d000 	/System/Library/PrivateFrameworks/AppleVA.framework/Versions/A/AppleVA
0x00007ff82b0bc000 	/System/Library/PrivateFrameworks/GraphicsServices.framework/Versions/A/GraphicsServices
0x00007ff8257d5000 	/System/Library/PrivateFrameworks/CorePhoneNumbers.framework/Versions/A/CorePhoneNumbers
0x00007ff829f34000 	/System/Library/PrivateFrameworks/MediaKit.framework/Versions/A/MediaKit
0x00007ff829e8e000 	/System/Library/Frameworks/DiscRecording.framework/Versions/A/DiscRecording
0x00007ff8255cd000 	/System/Library/PrivateFrameworks/NetAuth.framework/Versions/A/NetAuth
0x00007ff81c620000 	/System/Library/PrivateFrameworks/login.framework/Versions/A/Frameworks/loginsupport.framework/Versions/A/loginsupport
0x00007ff822d00000 	/System/Library/PrivateFrameworks/IconFoundation.framework/Versions/A/IconFoundation
0x00007ff822a6f000 	/usr/lib/libIOReport.dylib
0x00007ffb2592e000 	/System/Library/PrivateFrameworks/AppleMobileFileIntegrity.framework/Versions/A/AppleMobileFileIntegrity
0x00007ffd20925000 	/usr/lib/libTLE.dylib
0x00007ffa2edf3000 	/System/Library/PrivateFrameworks/ConfigProfileHelper.framework/Versions/A/ConfigProfileHelper
0x00007ff8202f3000 	/usr/lib/libmecab.dylib
0x00007ff81399c000 	/usr/lib/libCRFSuite.dylib
0x00007ff81f19b000 	/System/Library/PrivateFrameworks/CoreNLP.framework/Versions/A/CoreNLP
0x00007ff82117e000 	/usr/lib/libThaiTokenizer.dylib
0x00007ff8202c1000 	/usr/lib/libCheckFix.dylib
0x00007ff81b5f7000 	/System/Library/PrivateFrameworks/MetadataUtilities.framework/Versions/A/MetadataUtilities
0x00007ffc19673000 	/System/Library/PrivateFrameworks/InstalledContentLibrary.framework/Versions/A/InstalledContentLibrary
0x00007ff816452000 	/System/Library/PrivateFrameworks/CoreServicesStore.framework/Versions/A/CoreServicesStore
0x00007ff92dbdd000 	/System/Library/PrivateFrameworks/MobileSystemServices.framework/Versions/A/MobileSystemServices
0x00007ff822834000 	/usr/lib/libxslt.1.dylib
0x00007ff820287000 	/System/Library/PrivateFrameworks/BackgroundTaskManagement.framework/Versions/A/BackgroundTaskManagement
0x00007ff82cfe6000 	/usr/lib/libcurl.4.dylib
0x00007ffd20cbb000 	/usr/lib/libcrypto.46.dylib
0x00007ffd217f3000 	/usr/lib/libssl.48.dylib
0x00007ff82cccb000 	/System/Library/Frameworks/LDAP.framework/Versions/A/LDAP
0x00007ff82cd05000 	/System/Library/PrivateFrameworks/TrustEvaluationAgent.framework/Versions/A/TrustEvaluationAgent
0x00007ff82528f000 	/usr/lib/libsasl2.2.dylib
0x00007ff91897f000 	/usr/lib/swift/libswiftCoreGraphics.dylib
0x00007ff829805000 	/usr/lib/swift/libswiftFoundation.dylib
0x00007ffa2e881000 	/usr/lib/swift/libswiftSwiftOnoneSupport.dylib
0x00007ffa1b706000 	/System/Library/PrivateFrameworks/CoreMaterial.framework/Versions/A/CoreMaterial
0x00007ffc2915c000 	/System/Library/PrivateFrameworks/SFSymbols.framework/Versions/A/SFSymbols
0x00007ff828ad2000 	/System/Library/PrivateFrameworks/SpeechRecognitionCore.framework/Versions/A/SpeechRecognitionCore
0x00000001138e5000 	/Users/dantezhang/Library/Java/JavaVirtualMachines/jdk-17.0.20.jdk/Contents/Home/lib/server/libjvm.dylib
0x000000010c6f3000 	/Users/dantezhang/Library/Java/JavaVirtualMachines/jdk-17.0.20.jdk/Contents/Home/lib/libjimage.dylib
0x000000010c779000 	/Users/dantezhang/Library/Java/JavaVirtualMachines/jdk-17.0.20.jdk/Contents/Home/lib/libjava.dylib
0x000000010c7de000 	/Users/dantezhang/Library/Java/JavaVirtualMachines/jdk-17.0.20.jdk/Contents/Home/lib/libnio.dylib
0x00000001134f8000 	/Users/dantezhang/Library/Java/JavaVirtualMachines/jdk-17.0.20.jdk/Contents/Home/lib/libnet.dylib
0x0000000113548000 	/Users/dantezhang/Library/Java/JavaVirtualMachines/jdk-17.0.20.jdk/Contents/Home/lib/libzip.dylib
0x00000001134d6000 	/Users/dantezhang/Library/Java/JavaVirtualMachines/jdk-17.0.20.jdk/Contents/Home/lib/libverify.dylib
0x000000011351c000 	/Users/dantezhang/Library/Java/JavaVirtualMachines/jdk-17.0.20.jdk/Contents/Home/lib/libextnet.dylib


VM Arguments:
jvm_args: -Dorg.gradle.internal.worker.tmpdir=/Users/dantezhang/.paseo/worktrees/3vbhl92n/polite-duck/engine/build/tmp/test/work -Xmx512m -Dfile.encoding=UTF-8 -Duser.country=CN -Duser.language=zh -Duser.variant -ea 
java_command: worker.org.gradle.process.internal.worker.GradleWorkerMain 'Gradle Test Executor 7'
java_class_path (initial): /Users/dantezhang/.gradle/caches/8.9/workerMain/gradle-worker.jar:/Users/dantezhang/.paseo/worktrees/3vbhl92n/polite-duck/engine/build/classes/kotlin/test:/Users/dantezhang/.paseo/worktrees/3vbhl92n/polite-duck/engine/build/classes/kotlin/main:/Users/dantezhang/.paseo/worktrees/3vbhl92n/polite-duck/engine/build/resources/main:/Users/dantezhang/.gradle/caches/modules-2/files-2.1/org.jetbrains.kotlinx/kotlinx-serialization-core-jvm/1.7.3/1f226780b845ff9206474c05159245d861556249/kotlinx-serialization-core-jvm-1.7.3.jar:/Users/dantezhang/.gradle/caches/modules-2/files-2.1/org.jetbrains.kotlinx/kotlinx-serialization-json-jvm/1.7.3/6701e8c68d9e82387ce72ee96e8ddf058208d58f/kotlinx-serialization-json-jvm-1.7.3.jar:/Users/dantezhang/.gradle/caches/modules-2/files-2.1/org.jetbrains.kotlin/kotlin-stdlib/2.0.21/618b539767b4899b4660a83006e052b63f1db551/kotlin-stdlib-2.0.21.jar:/Users/dantezhang/.gradle/caches/modules-2/files-2.1/junit/junit/4.13.2/8ac9e16d933b6fb43bc7f576336b8f4d7eb5ba12/junit-4.13.2.jar:/Users/dantezhang/.gradle/caches/modules-2/files-2.1/org.jetbrains/annotations/13.0/919f0dfe192fb4e063e7dacadee7f8bb9a2672a9/annotations-13.0.jar:/Users/dantezhang/.gradle/caches/modules-2/files-2.1/org.hamcrest/hamcrest-core/1.3/42a25dc3219429f0e5d060061f71acb49bf010a0/hamcrest-core-1.3.jar
Launcher Type: SUN_STANDARD

[Global flags]
     intx CICompilerCount                          = 4                                         {product} {ergonomic}
     uint ConcGCThreads                            = 3                                         {product} {ergonomic}
     uint G1ConcRefinementThreads                  = 10                                        {product} {ergonomic}
   size_t G1HeapRegionSize                         = 1048576                                   {product} {ergonomic}
    uintx GCDrainStackTargetSize                   = 64                                        {product} {ergonomic}
   size_t InitialHeapSize                          = 536870912                                 {product} {ergonomic}
   size_t MarkStackSize                            = 4194304                                   {product} {ergonomic}
   size_t MaxHeapSize                              = 536870912                                 {product} {command line}
   size_t MaxNewSize                               = 321912832                                 {product} {ergonomic}
   size_t MinHeapDeltaBytes                        = 1048576                                   {product} {ergonomic}
   size_t MinHeapSize                              = 8388608                                   {product} {ergonomic}
    uintx NonNMethodCodeHeapSize                   = 5839372                                {pd product} {ergonomic}
    uintx NonProfiledCodeHeapSize                  = 122909434                              {pd product} {ergonomic}
    uintx ProfiledCodeHeapSize                     = 122909434                              {pd product} {ergonomic}
    uintx ReservedCodeCacheSize                    = 251658240                              {pd product} {ergonomic}
     bool SegmentedCodeCache                       = true                                      {product} {ergonomic}
   size_t SoftMaxHeapSize                          = 536870912                              {manageable} {ergonomic}
     bool UseCompressedClassPointers               = true                           {product lp64_product} {ergonomic}
     bool UseCompressedOops                        = true                           {product lp64_product} {ergonomic}
     bool UseG1GC                                  = true                                      {product} {ergonomic}
     bool UseNUMA                                  = false                                     {product} {ergonomic}
     bool UseNUMAInterleaving                      = false                                     {product} {ergonomic}

Logging:
Log output configuration:
 #0: stdout all=warning uptime,level,tags
 #1: stderr all=off uptime,level,tags

Environment Variables:
JAVA_HOME=/Users/dantezhang/Library/Java/JavaVirtualMachines/jdk-17.0.20.jdk/Contents/Home
PATH=/Users/dantezhang/.rvm/gems/ruby-2.7.2/bin:/Users/dantezhang/.rvm/gems/ruby-2.7.2@global/bin:/Users/dantezhang/.rvm/rubies/ruby-2.7.2/bin:/Users/dantezhang/.opencode/bin:/Library/Frameworks/Python.framework/Versions/3.9/bin:/Library/Frameworks/Python.framework/Versions/3.6/bin:/Users/dantezhang/.cargo/bin:/usr/local/bin:/System/Cryptexes/App/usr/bin:/usr/bin:/bin:/usr/sbin:/sbin:/var/run/com.apple.security.cryptexd/codex.system/bootstrap/usr/local/bin:/var/run/com.apple.security.cryptexd/codex.system/bootstrap/usr/bin:/var/run/com.apple.security.cryptexd/codex.system/bootstrap/usr/appleinternal/bin:/usr/local/MacGPG2/bin:/Library/TeX/texbin:/usr/local/go/bin:/Applications/Racket v7.3/bin:/Users/dantezhang/.antigen/bundles/robbyrussell/oh-my-zsh/lib:/Users/dantezhang/.antigen/bundles/robbyrussell/oh-my-zsh/plugins/git:/Users/dantezhang/.antigen/bundles/robbyrussell/oh-my-zsh/plugins/fzf:/Users/dantezhang/.antigen/bundles/zsh-users/zsh-syntax-highlighting:/Users/dantezhang/.antigen/bundles/djui/alias-tips:/Users/dantezhang/.antigen/bundles/arzzen/calc.plugin.zsh:/Users/dantezhang/.user_bin:/Users/dantezhang/.rvm/bin
SHELL=/bin/zsh
TMPDIR=/var/folders/xz/qscpz45s7x17z_snzcn5pwsh0000gn/T/

Active Locale:
LC_ALL=C
LC_COLLATE=C
LC_CTYPE=C
LC_MESSAGES=C
LC_MONETARY=C
LC_NUMERIC=C
LC_TIME=C

Signal Handlers:
   SIGSEGV: crash_handler in libjvm.dylib, mask=11100110000111110111111111111111, flags=SA_RESTART|SA_SIGINFO, unblocked
    SIGBUS: crash_handler in libjvm.dylib, mask=11100110000111110111111111111111, flags=SA_RESTART|SA_SIGINFO, unblocked
    SIGFPE: crash_handler in libjvm.dylib, mask=11100110000111110111111111111111, flags=SA_RESTART|SA_SIGINFO, unblocked
   SIGPIPE: javaSignalHandler in libjvm.dylib, mask=11100110000111110111111111111111, flags=SA_RESTART|SA_SIGINFO, blocked
   SIGXFSZ: javaSignalHandler in libjvm.dylib, mask=11100110000111110111111111111111, flags=SA_RESTART|SA_SIGINFO, blocked
    SIGILL: crash_handler in libjvm.dylib, mask=11100110000111110111111111111111, flags=SA_RESTART|SA_SIGINFO, unblocked
   SIGUSR2: SR_handler in libjvm.dylib, mask=00100000000000000000000000000000, flags=SA_RESTART|SA_SIGINFO, blocked
    SIGHUP: UserHandler in libjvm.dylib, mask=11100110000111110111111111111111, flags=SA_RESTART|SA_SIGINFO, blocked
    SIGINT: UserHandler in libjvm.dylib, mask=11100110000111110111111111111111, flags=SA_RESTART|SA_SIGINFO, blocked
   SIGTERM: UserHandler in libjvm.dylib, mask=11100110000111110111111111111111, flags=SA_RESTART|SA_SIGINFO, blocked
   SIGQUIT: UserHandler in libjvm.dylib, mask=11100110000111110111111111111111, flags=SA_RESTART|SA_SIGINFO, blocked
   SIGTRAP: crash_handler in libjvm.dylib, mask=11100110000111110111111111111111, flags=SA_RESTART|SA_SIGINFO, unblocked


Periodic native trim disabled


---------------  S Y S T E M  ---------------

OS:
uname: Darwin 24.6.0 Darwin Kernel Version 24.6.0: Tue Jul 21 20:50:07 PDT 2026; root:xnu-11417.140.69.711.44~1/RELEASE_X86_64 x86_64
OS uptime: 2 days 15:50 hours
rlimit (soft/hard): STACK 8192k/65532k , CORE 0k/infinity , NPROC 5568/8352 , NOFILE 1048576/infinity , AS infinity/infinity , CPU infinity/infinity , DATA infinity/infinity , FSIZE infinity/infinity , MEMLOCK infinity/infinity , RSS infinity/infinity
load average: 4.65 4.33 4.03

CPU: total 12 (initial active 12) (6 cores per cpu, 2 threads per core) family 6 model 158 stepping 10 microcode 0xfa, cx8, cmov, fxsr, ht, mmx, 3dnowpref, sse, sse2, sse3, ssse3, sse4.1, sse4.2, popcnt, lzcnt, tsc, tscinvbit, avx, avx2, aes, erms, clmul, bmi1, bmi2, adx, fma, vzeroupper, clflush, clflushopt
machdep.cpu.brand_string:Intel(R) Core(TM) i7-8750H CPU @ 2.20GHz
hw.cpufrequency:2200000000
hw.cpufrequency_min:2200000000
hw.cpufrequency_max:2200000000
hw.cachelinesize:64
hw.l1icachesize:32768
hw.l1dcachesize:32768
hw.l2cachesize:262144
hw.l3cachesize:9437184

Memory: 4k page, physical 33554432k(491444k free), swap 4194304k(1587712k free)

vm_info: OpenJDK 64-Bit Server VM (17.0.20+8) for bsd-amd64 JRE (17.0.20+8), built on Jul 21 2026 00:00:00 by "admin" with clang Apple LLVM 15.0.0 (clang-1500.1.0.2.5)

END.
